Title,Price,Address
Belkin WeMo Light Switch,49.97,2,"Walmart Supercenter, 45400 Marketplace Blvd, Chesterfield, MI 48051 - Walmart.com",https://i5.walmartimages.com/asr/f442eedb-868c-44d7-934a-fe1ed19b3d5f_1.e43a08e2f981201a04aa88b27fe9a303.jpeg?odnHeight=180&odnWidth=180&odnBg=ffffff
Belkin WeMo Light Switch,49.97,6,"Walmart Supercenter, 1208 E Brandon Blvd, Brandon, FL 33511 - Walmart.com",https://i5.walmartimages.com/asr/f442eedb-868c-44d7-934a-fe1ed19b3d5f_1.e43a08e2f981201a04aa88b27fe9a303.jpeg?odnHeight=180&odnWidth=180&odnBg=ffffff
Belkin WeMo Light Switch,49.97,2,"Walmart Supercenter, 4801 W Clara Ln, Muncie, IN 47304 - Walmart.com",https://i5.walmartimages.com/asr/f442eedb-868c-44d7-934a-fe1ed19b3d5f_1.e43a08e2f981201a04aa88b27fe9a303.jpeg?odnHeight=180&odnWidth=180&odnBg=ffffff
Belkin WeMo Light Switch,49.97,3,"Walmart Supercenter, 20 Soojian Dr, Leicester, MA 01524 - Walmart.com",https://i5.walmartimages.com/asr/f442eedb-868c-44d7-934a-fe1ed19b3d5f_1.e43a08e2f981201a04aa88b27fe9a303.jpeg?odnHeight=180&odnWidth=180&odnBg=ffffff
Belkin WeMo Light Switch,49.97,4,"Walmart Supercenter, 1706 W Reynolds St, Pontiac, IL 61764 - Walmart.com",https://i5.walmartimages.com/asr/f442eedb-868c-44d7-934a-fe1ed19b3d5f_1.e43a08e2f981201a04aa88b27fe9a303.jpeg?odnHeight=180&odnWidth=180&odnBg=ffffff
Belkin WeMo Light Switch,49.97,2,"Walmart Supercenter, 6301 Nw Quannah Parker Trl, Lawton, OK 73505 - Walmart.com",https://i5.walmartimages.com/asr/f442eedb-868c-44d7-934a-fe1ed19b3d5f_1.e43a08e2f981201a04aa88b27fe9a303.jpeg?odnHeight=180&odnWidth=180&odnBg=ffffff
Belkin WeMo Light Switch,49.97,7,"Walmart Supercenter, 450 Stewart Ln, Triadelphia, WV 26059 - Walmart.com",https://i5.walmartimages.com/asr/f442eedb-868c-44d7-934a-fe1ed19b3d5f_1.e43a08e2f981201a04aa88b27fe9a303.jpeg?odnHeight=180&odnWidth=180&odnBg=ffffff
Belkin WeMo Light Switch,49.97,4,"Walmart Supercenter, 1530 W Springfield Rd, Taylorville, IL 62568 - Walmart.com",https://i5.walmartimages.com/asr/f442eedb-868c-44d7-934a-fe1ed19b3d5f_1.e43a08e2f981201a04aa88b27fe9a303.jpeg?odnHeight=180&odnWidth=180&odnBg=ffffff
Belkin WeMo Light Switch,49.97,3,"Walmart Supercenter, 1798 Old Stage Rd, Decorah, IA 52101 - Walmart.com",https://i5.walmartimages.com/asr/f442eedb-868c-44d7-934a-fe1ed19b3d5f_1.e43a08e2f981201a04aa88b27fe9a303.jpeg?odnHeight=180&odnWidth=180&odnBg=ffffff
Belkin WeMo Light Switch,47.5,6,"Walmart Supercenter, 1621 North Business 9, Morrilton, AR 72110 - Walmart.com",https://i5.walmartimages.com/asr/f442eedb-868c-44d7-934a-fe1ed19b3d5f_1.e43a08e2f981201a04aa88b27fe9a303.jpeg?odnHeight=180&odnWidth=180&odnBg=ffffff
Belkin WeMo Light Switch,49.97,4,"Walmart Supercenter, 5701 Herrera Drive, Santa Fe, NM 87507 - Walmart.com",https://i5.walmartimages.com/asr/f442eedb-868c-44d7-934a-fe1ed19b3d5f_1.e43a08e2f981201a04aa88b27fe9a303.jpeg?odnHeight=180&odnWidth=180&odnBg=ffffff
Belkin WeMo Light Switch,49.97,-1,"Walmart Supercenter, 1649 Main St, Billings, MT 59105 - Walmart.com",https://i5.walmartimages.com/asr/f442eedb-868c-44d7-934a-fe1ed19b3d5f_1.e43a08e2f981201a04aa88b27fe9a303.jpeg?odnHeight=180&odnWidth=180&odnBg=ffffff
Belkin WeMo Light Switch,49.97,9,"Walmart Supercenter, 18700 Highway 105 W, Montgomery, TX 77356 - Walmart.com",https://i5.walmartimages.com/asr/f442eedb-868c-44d7-934a-fe1ed19b3d5f_1.e43a08e2f981201a04aa88b27fe9a303.jpeg?odnHeight=180&odnWidth=180&odnBg=ffffff
Belkin WeMo Light Switch,49.97,11,"Walmart Supercenter, 1801 Us Highway 421, Wilkesboro, NC 28697 - Walmart.com",https://i5.walmartimages.com/asr/f442eedb-868c-44d7-934a-fe1ed19b3d5f_1.e43a08e2f981201a04aa88b27fe9a303.jpeg?odnHeight=180&odnWidth=180&odnBg=ffffff
Belkin WeMo Light Switch,49.97,-1,"Walmart Supercenter, 1415 Lawrence Dr, De Pere, WI 54115 - Walmart.com",https://i5.walmartimages.com/asr/f442eedb-868c-44d7-934a-fe1ed19b3d5f_1.e43a08e2f981201a04aa88b27fe9a303.jpeg?odnHeight=180&odnWidth=180&odnBg=ffffff
Belkin WeMo Light Switch,49.97,2,"Walmart Supercenter, 2730 N West Ave, El Dorado, AR 71730 - Walmart.com",https://i5.walmartimages.com/asr/f442eedb-868c-44d7-934a-fe1ed19b3d5f_1.e43a08e2f981201a04aa88b27fe9a303.jpeg?odnHeight=180&odnWidth=180&odnBg=ffffff
Belkin WeMo Light Switch,49.97,2,"Walmart Supercenter, 167 Northshore Blvd, Slidell, LA 70460 - Walmart.com",https://i5.walmartimages.com/asr/f442eedb-868c-44d7-934a-fe1ed19b3d5f_1.e43a08e2f981201a04aa88b27fe9a303.jpeg?odnHeight=180&odnWidth=180&odnBg=ffffff
Belkin WeMo Light Switch,49.97,1,"Walmart Supercenter, 7319 W State St, Boise, ID 83714 - Walmart.com",https://i5.walmartimages.com/asr/f442eedb-868c-44d7-934a-fe1ed19b3d5f_1.e43a08e2f981201a04aa88b27fe9a303.jpeg?odnHeight=180&odnWidth=180&odnBg=ffffff
Belkin WeMo Light Switch,49.97,2,"Walmart Supercenter, 3503 10Th St, Great Bend, KS 67530 - Walmart.com",https://i5.walmartimages.com/asr/f442eedb-868c-44d7-934a-fe1ed19b3d5f_1.e43a08e2f981201a04aa88b27fe9a303.jpeg?odnHeight=180&odnWidth=180&odnBg=ffffff
Belkin WeMo Light Switch,49.97,2,"Walmart Supercenter, 6310 S Us Highway 85-87, Fountain, CO 80817 - Walmart.com",https://i5.walmartimages.com/asr/f442eedb-868c-44d7-934a-fe1ed19b3d5f_1.e43a08e2f981201a04aa88b27fe9a303.jpeg?odnHeight=180&odnWidth=180&odnBg=ffffff
Belkin WeMo Light Switch,49.97,4,"Walmart Supercenter, 2702 N Salisbury Blvd, Salisbury, MD 21801 - Walmart.com",https://i5.walmartimages.com/asr/f442eedb-868c-44d7-934a-fe1ed19b3d5f_1.e43a08e2f981201a04aa88b27fe9a303.jpeg?odnHeight=180&odnWidth=180&odnBg=ffffff
Belkin WeMo Light Switch,49.97,2,"Walmart Supercenter, 8151 E 32Nd St, Yuma, AZ 85365 - Walmart.com",https://i5.walmartimages.com/asr/f442eedb-868c-44d7-934a-fe1ed19b3d5f_1.e43a08e2f981201a04aa88b27fe9a303.jpeg?odnHeight=180&odnWidth=180&odnBg=ffffff
Belkin WeMo Light Switch,49.97,5,"Walmart Supercenter, 2700 W Broadway St, Princeton, IN 47670 - Walmart.com",https://i5.walmartimages.com/asr/f442eedb-868c-44d7-934a-fe1ed19b3d5f_1.e43a08e2f981201a04aa88b27fe9a303.jpeg?odnHeight=180&odnWidth=180&odnBg=ffffff
Belkin WeMo Light Switch,49.97,2,"Walmart Supercenter, 650 S Trooper Rd, Norristown, PA 19403 - Walmart.com",https://i5.walmartimages.com/asr/f442eedb-868c-44d7-934a-fe1ed19b3d5f_1.e43a08e2f981201a04aa88b27fe9a303.jpeg?odnHeight=180&odnWidth=180&odnBg=ffffff
Belkin WeMo Light Switch,49.97,2,"Walmart Supercenter, 180 Levittown Ctr, Levittown, PA 19055 - Walmart.com",https://i5.walmartimages.com/asr/f442eedb-868c-44d7-934a-fe1ed19b3d5f_1.e43a08e2f981201a04aa88b27fe9a303.jpeg?odnHeight=180&odnWidth=180&odnBg=ffffff
Belkin WeMo Light Switch,49.97,4,"Walmart Supercenter, 7400 Guilford Dr, Frederick, MD 21704 - Walmart.com",https://i5.walmartimages.com/asr/f442eedb-868c-44d7-934a-fe1ed19b3d5f_1.e43a08e2f981201a04aa88b27fe9a303.jpeg?odnHeight=180&odnWidth=180&odnBg=ffffff
Belkin WeMo Light Switch,49.97,7,"Walmart Supercenter, 205 Deadrick Rd, Forrest City, AR 72335 - Walmart.com",https://i5.walmartimages.com/asr/f442eedb-868c-44d7-934a-fe1ed19b3d5f_1.e43a08e2f981201a04aa88b27fe9a303.jpeg?odnHeight=180&odnWidth=180&odnBg=ffffff
Belkin WeMo Light Switch,49.97,6,"Walmart Supercenter, 14 Bowen St, Claremont, NH 03743 - Walmart.com",https://i5.walmartimages.com/asr/f442eedb-868c-44d7-934a-fe1ed19b3d5f_1.e43a08e2f981201a04aa88b27fe9a303.jpeg?odnHeight=180&odnWidth=180&odnBg=ffffff
Belkin WeMo Light Switch,49.97,4,"Walmart Supercenter, 100 Walmart Dr, North Versailles, PA 15137 - Walmart.com",https://i5.walmartimages.com/asr/f442eedb-868c-44d7-934a-fe1ed19b3d5f_1.e43a08e2f981201a04aa88b27fe9a303.jpeg?odnHeight=180&odnWidth=180&odnBg=ffffff
Belkin WeMo Light Switch,49.97,2,"Walmart Supercenter, 5990 Dahlia St, Commerce City, CO 80022 - Walmart.com",https://i5.walmartimages.com/asr/f442eedb-868c-44d7-934a-fe1ed19b3d5f_1.e43a08e2f981201a04aa88b27fe9a303.jpeg?odnHeight=180&odnWidth=180&odnBg=ffffff
Belkin WeMo Light Switch,49.97,6,"Walmart Supercenter, 1355 Sandhill Rd, Orem, UT 84058 - Walmart.com",https://i5.walmartimages.com/asr/f442eedb-868c-44d7-934a-fe1ed19b3d5f_1.e43a08e2f981201a04aa88b27fe9a303.jpeg?odnHeight=180&odnWidth=180&odnBg=ffffff
Belkin WeMo Light Switch,49.97,2,"Walmart Supercenter, 540 7Th Ave, Longview, WA 98632 - Walmart.com",https://i5.walmartimages.com/asr/f442eedb-868c-44d7-934a-fe1ed19b3d5f_1.e43a08e2f981201a04aa88b27fe9a303.jpeg?odnHeight=180&odnWidth=180&odnBg=ffffff
Belkin WeMo Light Switch,49.97,2,"Walmart Supercenter, 190 E Round Grove Rd, Lewisville, TX 75067 - Walmart.com",https://i5.walmartimages.com/asr/f442eedb-868c-44d7-934a-fe1ed19b3d5f_1.e43a08e2f981201a04aa88b27fe9a303.jpeg?odnHeight=180&odnWidth=180&odnBg=ffffff
Belkin WeMo Light Switch,49.97,3,"Walmart Supercenter, 2900 S Pacific Ave, Yuma, AZ 85365 - Walmart.com",https://i5.walmartimages.com/asr/f442eedb-868c-44d7-934a-fe1ed19b3d5f_1.e43a08e2f981201a04aa88b27fe9a303.jpeg?odnHeight=180&odnWidth=180&odnBg=ffffff
Belkin WeMo Light Switch,49.97,2,"Walmart Supercenter, 13484 Northwest Fwy, Houston, TX 77040 - Walmart.com",https://i5.walmartimages.com/asr/f442eedb-868c-44d7-934a-fe1ed19b3d5f_1.e43a08e2f981201a04aa88b27fe9a303.jpeg?odnHeight=180&odnWidth=180&odnBg=ffffff
Belkin WeMo Light Switch,49.97,2,"Walmart Supercenter, 12182 Highway 92, Woodstock, GA 30188 - Walmart.com",https://i5.walmartimages.com/asr/f442eedb-868c-44d7-934a-fe1ed19b3d5f_1.e43a08e2f981201a04aa88b27fe9a303.jpeg?odnHeight=180&odnWidth=180&odnBg=ffffff
Belkin WeMo Light Switch,49.97,2,"Walmart Supercenter, 5448 Whittlesey Blvd Ste B, Columbus, GA 31909 - Walmart.com",https://i5.walmartimages.com/asr/f442eedb-868c-44d7-934a-fe1ed19b3d5f_1.e43a08e2f981201a04aa88b27fe9a303.jpeg?odnHeight=180&odnWidth=180&odnBg=ffffff
Belkin WeMo Light Switch,49.97,2,"Walmart Supercenter, 8500 N Wickham Rd, Melbourne, FL 32940 - Walmart.com",https://i5.walmartimages.com/asr/f442eedb-868c-44d7-934a-fe1ed19b3d5f_1.e43a08e2f981201a04aa88b27fe9a303.jpeg?odnHeight=180&odnWidth=180&odnBg=ffffff
Belkin WeMo Light Switch,49.97,3,"Walmart Supercenter, 653 Gravois Bluffs Blvd, Fenton, MO 63026 - Walmart.com",https://i5.walmartimages.com/asr/f442eedb-868c-44d7-934a-fe1ed19b3d5f_1.e43a08e2f981201a04aa88b27fe9a303.jpeg?odnHeight=180&odnWidth=180&odnBg=ffffff
Belkin WeMo Light Switch,49.97,4,"Walmart Supercenter, 3812 Liberty Hwy, Anderson, SC 29621 - Walmart.com",https://i5.walmartimages.com/asr/f442eedb-868c-44d7-934a-fe1ed19b3d5f_1.e43a08e2f981201a04aa88b27fe9a303.jpeg?odnHeight=180&odnWidth=180&odnBg=ffffff
Belkin WeMo Light Switch,49.97,5,"Walmart Supercenter, 5505 W Owen K Garriott Rd, Enid, OK 73703 - Walmart.com",https://i5.walmartimages.com/asr/f442eedb-868c-44d7-934a-fe1ed19b3d5f_1.e43a08e2f981201a04aa88b27fe9a303.jpeg?odnHeight=180&odnWidth=180&odnBg=ffffff
Belkin WeMo Light Switch,49.97,1,"Walmart Supercenter, 1530 Walmart Dr, Lebanon, OH 45036 - Walmart.com",https://i5.walmartimages.com/asr/f442eedb-868c-44d7-934a-fe1ed19b3d5f_1.e43a08e2f981201a04aa88b27fe9a303.jpeg?odnHeight=180&odnWidth=180&odnBg=ffffff
Belkin WeMo Light Switch,49.97,4,"Walmart Supercenter, 2214 Fayetteville Rd, Van Buren, AR 72956 - Walmart.com",https://i5.walmartimages.com/asr/f442eedb-868c-44d7-934a-fe1ed19b3d5f_1.e43a08e2f981201a04aa88b27fe9a303.jpeg?odnHeight=180&odnWidth=180&odnBg=ffffff
Belkin WeMo Light Switch,49.97,6,"Walmart Supercenter, 200 E State Highway 64, Antigo, WI 54409 - Walmart.com",https://i5.walmartimages.com/asr/f442eedb-868c-44d7-934a-fe1ed19b3d5f_1.e43a08e2f981201a04aa88b27fe9a303.jpeg?odnHeight=180&odnWidth=180&odnBg=ffffff
Belkin WeMo Light Switch,49.97,4,"Walmart Supercenter, 7101 Cedar Springs Blvd, Louisville, KY 40291 - Walmart.com",https://i5.walmartimages.com/asr/f442eedb-868c-44d7-934a-fe1ed19b3d5f_1.e43a08e2f981201a04aa88b27fe9a303.jpeg?odnHeight=180&odnWidth=180&odnBg=ffffff
Belkin WeMo Light Switch,49.97,4,"Walmart Supercenter, 6401 Ne Loop 820, North Richland Hill, TX 76180 - Walmart.com",https://i5.walmartimages.com/asr/f442eedb-868c-44d7-934a-fe1ed19b3d5f_1.e43a08e2f981201a04aa88b27fe9a303.jpeg?odnHeight=180&odnWidth=180&odnBg=ffffff
Belkin WeMo Light Switch,49.97,2,"Walmart Supercenter, 1710 S Greenfield Rd, Mesa, AZ 85206 - Walmart.com",https://i5.walmartimages.com/asr/f442eedb-868c-44d7-934a-fe1ed19b3d5f_1.e43a08e2f981201a04aa88b27fe9a303.jpeg?odnHeight=180&odnWidth=180&odnBg=ffffff
Belkin WeMo Light Switch,49.97,4,"Walmart Supercenter, 252 Cheney Dr W, Twin Falls, ID 83301 - Walmart.com",https://i5.walmartimages.com/asr/f442eedb-868c-44d7-934a-fe1ed19b3d5f_1.e43a08e2f981201a04aa88b27fe9a303.jpeg?odnHeight=180&odnWidth=180&odnBg=ffffff
Belkin WeMo Light Switch,49.97,3,"Walmart Supercenter, 12001 Maumelle Blvd, North Little Rock, AR 72113 - Walmart.com",https://i5.walmartimages.com/asr/f442eedb-868c-44d7-934a-fe1ed19b3d5f_1.e43a08e2f981201a04aa88b27fe9a303.jpeg?odnHeight=180&odnWidth=180&odnBg=ffffff
Belkin WeMo Light Switch,49.97,2,"Walmart Supercenter, 2300 Us Highway 34, Oswego, IL 60543 - Walmart.com",https://i5.walmartimages.com/asr/f442eedb-868c-44d7-934a-fe1ed19b3d5f_1.e43a08e2f981201a04aa88b27fe9a303.jpeg?odnHeight=180&odnWidth=180&odnBg=ffffff
Belkin WeMo Light Switch,49.97,3,"Walmart Supercenter, 101 Dettro Dr, Mattoon, IL 61938 - Walmart.com",https://i5.walmartimages.com/asr/f442eedb-868c-44d7-934a-fe1ed19b3d5f_1.e43a08e2f981201a04aa88b27fe9a303.jpeg?odnHeight=180&odnWidth=180&odnBg=ffffff
Belkin WeMo Light Switch,49.97,6,"Walmart Supercenter, 15150 Us Highway 150, Paris, IL 61944 - Walmart.com",https://i5.walmartimages.com/asr/f442eedb-868c-44d7-934a-fe1ed19b3d5f_1.e43a08e2f981201a04aa88b27fe9a303.jpeg?odnHeight=180&odnWidth=180&odnBg=ffffff
Belkin WeMo Light Switch,49.97,5,"Walmart Supercenter, 6235 W Port Ave, Shreveport, LA 71129 - Walmart.com",https://i5.walmartimages.com/asr/f442eedb-868c-44d7-934a-fe1ed19b3d5f_1.e43a08e2f981201a04aa88b27fe9a303.jpeg?odnHeight=180&odnWidth=180&odnBg=ffffff
Belkin WeMo Light Switch,49.97,2,"Walmart Supercenter, 2016 N Wayne St, Angola, IN 46703 - Walmart.com",https://i5.walmartimages.com/asr/f442eedb-868c-44d7-934a-fe1ed19b3d5f_1.e43a08e2f981201a04aa88b27fe9a303.jpeg?odnHeight=180&odnWidth=180&odnBg=ffffff
Belkin WeMo Light Switch,49.97,1,"Walmart Supercenter, 2200 S Mckenzie St, Foley, AL 36535 - Walmart.com",https://i5.walmartimages.com/asr/f442eedb-868c-44d7-934a-fe1ed19b3d5f_1.e43a08e2f981201a04aa88b27fe9a303.jpeg?odnHeight=180&odnWidth=180&odnBg=ffffff
Belkin WeMo Light Switch,49.97,17,"Walmart Supercenter, 2825 Ledo Rd, Albany, GA 31707 - Walmart.com",https://i5.walmartimages.com/asr/f442eedb-868c-44d7-934a-fe1ed19b3d5f_1.e43a08e2f981201a04aa88b27fe9a303.jpeg?odnHeight=180&odnWidth=180&odnBg=ffffff
Belkin WeMo Light Switch,49.97,5,"Walmart Supercenter, 2203 Patsy Ln, Excelsior Springs, MO 64024 - Walmart.com",https://i5.walmartimages.com/asr/f442eedb-868c-44d7-934a-fe1ed19b3d5f_1.e43a08e2f981201a04aa88b27fe9a303.jpeg?odnHeight=180&odnWidth=180&odnBg=ffffff
Belkin WeMo Light Switch,49.97,6,"Walmart Supercenter, 3022 S Belt Hwy, Saint Joseph, MO 64503 - Walmart.com",https://i5.walmartimages.com/asr/f442eedb-868c-44d7-934a-fe1ed19b3d5f_1.e43a08e2f981201a04aa88b27fe9a303.jpeg?odnHeight=180&odnWidth=180&odnBg=ffffff
Belkin WeMo Light Switch,49.97,3,"Walmart Supercenter, 155 Waterford Parkway No., Waterford, CT 06385 - Walmart.com",https://i5.walmartimages.com/asr/f442eedb-868c-44d7-934a-fe1ed19b3d5f_1.e43a08e2f981201a04aa88b27fe9a303.jpeg?odnHeight=180&odnWidth=180&odnBg=ffffff
Belkin WeMo Light Switch,49.97,1,"Walmart Supercenter, 1500 N Jefferson Way, Indianola, IA 50125 - Walmart.com",https://i5.walmartimages.com/asr/f442eedb-868c-44d7-934a-fe1ed19b3d5f_1.e43a08e2f981201a04aa88b27fe9a303.jpeg?odnHeight=180&odnWidth=180&odnBg=ffffff
Belkin WeMo Light Switch,49.97,4,"Walmart Supercenter, 1501 Sw Wanamaker Rd, Topeka, KS 66604 - Walmart.com",https://i5.walmartimages.com/asr/f442eedb-868c-44d7-934a-fe1ed19b3d5f_1.e43a08e2f981201a04aa88b27fe9a303.jpeg?odnHeight=180&odnWidth=180&odnBg=ffffff
Belkin WeMo Light Switch,12.49,1,"Walmart Supercenter, 34301 Highway 43, Thomasville, AL 36784 - Walmart.com",https://i5.walmartimages.com/asr/f442eedb-868c-44d7-934a-fe1ed19b3d5f_1.e43a08e2f981201a04aa88b27fe9a303.jpeg?odnHeight=180&odnWidth=180&odnBg=ffffff
Belkin WeMo Light Switch,49.97,2,"Walmart Supercenter, 1001 73Rd St, Des Moines, IA 50324 - Walmart.com",https://i5.walmartimages.com/asr/f442eedb-868c-44d7-934a-fe1ed19b3d5f_1.e43a08e2f981201a04aa88b27fe9a303.jpeg?odnHeight=180&odnWidth=180&odnBg=ffffff
Belkin WeMo Light Switch,49.97,3,"Walmart Supercenter, 1996 E Main St, Ashland, OH 44805 - Walmart.com",https://i5.walmartimages.com/asr/f442eedb-868c-44d7-934a-fe1ed19b3d5f_1.e43a08e2f981201a04aa88b27fe9a303.jpeg?odnHeight=180&odnWidth=180&odnBg=ffffff
Belkin WeMo Light Switch,49.97,3,"Walmart Supercenter, 4781 E Rockton Rd, Roscoe, IL 61073 - Walmart.com",https://i5.walmartimages.com/asr/f442eedb-868c-44d7-934a-fe1ed19b3d5f_1.e43a08e2f981201a04aa88b27fe9a303.jpeg?odnHeight=180&odnWidth=180&odnBg=ffffff
Belkin WeMo Light Switch,49.97,2,"Walmart Supercenter, 8301 Rogers Ave, Fort Smith, AR 72903 - Walmart.com",https://i5.walmartimages.com/asr/f442eedb-868c-44d7-934a-fe1ed19b3d5f_1.e43a08e2f981201a04aa88b27fe9a303.jpeg?odnHeight=180&odnWidth=180&odnBg=ffffff
Belkin WeMo Light Switch,49.97,3,"Walmart Supercenter, 921 25Th St Sw, Jamestown, ND 58401 - Walmart.com",https://i5.walmartimages.com/asr/f442eedb-868c-44d7-934a-fe1ed19b3d5f_1.e43a08e2f981201a04aa88b27fe9a303.jpeg?odnHeight=180&odnWidth=180&odnBg=ffffff
Belkin WeMo Light Switch,49.97,2,"Walmart Supercenter, 395 N K 7 Hwy, Olathe, KS 66061 - Walmart.com",https://i5.walmartimages.com/asr/f442eedb-868c-44d7-934a-fe1ed19b3d5f_1.e43a08e2f981201a04aa88b27fe9a303.jpeg?odnHeight=180&odnWidth=180&odnBg=ffffff
Belkin WeMo Light Switch,49.97,6,"Walmart Supercenter, 415 Conley Rd, Columbia, MO 65201 - Walmart.com",https://i5.walmartimages.com/asr/f442eedb-868c-44d7-934a-fe1ed19b3d5f_1.e43a08e2f981201a04aa88b27fe9a303.jpeg?odnHeight=180&odnWidth=180&odnBg=ffffff
Belkin WeMo Light Switch,49.97,2,"Walmart Supercenter, 10 Walmart Dr, Moundsville, WV 26041 - Walmart.com",https://i5.walmartimages.com/asr/f442eedb-868c-44d7-934a-fe1ed19b3d5f_1.e43a08e2f981201a04aa88b27fe9a303.jpeg?odnHeight=180&odnWidth=180&odnBg=ffffff
Belkin WeMo Light Switch,49.97,6,"Walmart Supercenter, 3620 N 6Th St, Beatrice, NE 68310 - Walmart.com",https://i5.walmartimages.com/asr/f442eedb-868c-44d7-934a-fe1ed19b3d5f_1.e43a08e2f981201a04aa88b27fe9a303.jpeg?odnHeight=180&odnWidth=180&odnBg=ffffff
Belkin WeMo Light Switch,49.97,2,"Walmart Supercenter, 1501 Wagner Avenue, Greenville, OH 45331 - Walmart.com",https://i5.walmartimages.com/asr/f442eedb-868c-44d7-934a-fe1ed19b3d5f_1.e43a08e2f981201a04aa88b27fe9a303.jpeg?odnHeight=180&odnWidth=180&odnBg=ffffff
Belkin WeMo Light Switch,49.97,3,"Walmart Supercenter, 8445 Walbrook Dr, Knoxville, TN 37923 - Walmart.com",https://i5.walmartimages.com/asr/f442eedb-868c-44d7-934a-fe1ed19b3d5f_1.e43a08e2f981201a04aa88b27fe9a303.jpeg?odnHeight=180&odnWidth=180&odnBg=ffffff
Belkin WeMo Light Switch,49.97,3,"Walmart Supercenter, 13490 Beach Blvd, Jacksonville, FL 32224 - Walmart.com",https://i5.walmartimages.com/asr/f442eedb-868c-44d7-934a-fe1ed19b3d5f_1.e43a08e2f981201a04aa88b27fe9a303.jpeg?odnHeight=180&odnWidth=180&odnBg=ffffff
Belkin WeMo Light Switch,49.97,1,"Walmart Supercenter, 3886 Highway 17 S, Eastanollee, GA 30538 - Walmart.com",https://i5.walmartimages.com/asr/f442eedb-868c-44d7-934a-fe1ed19b3d5f_1.e43a08e2f981201a04aa88b27fe9a303.jpeg?odnHeight=180&odnWidth=180&odnBg=ffffff
Belkin WeMo Light Switch,49.97,2,"Walmart Supercenter, 16 Old Gick Rd, Saratoga Springs, NY 12866 - Walmart.com",https://i5.walmartimages.com/asr/f442eedb-868c-44d7-934a-fe1ed19b3d5f_1.e43a08e2f981201a04aa88b27fe9a303.jpeg?odnHeight=180&odnWidth=180&odnBg=ffffff
Belkin WeMo Light Switch,49.97,2,"Walmart Supercenter, 933 Grand Caillou Rd, Houma, LA 70363 - Walmart.com",https://i5.walmartimages.com/asr/f442eedb-868c-44d7-934a-fe1ed19b3d5f_1.e43a08e2f981201a04aa88b27fe9a303.jpeg?odnHeight=180&odnWidth=180&odnBg=ffffff
Belkin WeMo Light Switch,49.97,2,"Walmart Supercenter, 1900 W Moore Ave, Terrell, TX 75160 - Walmart.com",https://i5.walmartimages.com/asr/f442eedb-868c-44d7-934a-fe1ed19b3d5f_1.e43a08e2f981201a04aa88b27fe9a303.jpeg?odnHeight=180&odnWidth=180&odnBg=ffffff
Belkin WeMo Light Switch,49.97,7,"Walmart Supercenter, 2080 No. St. Route 50, Bourbonnais, IL 60914 - Walmart.com",https://i5.walmartimages.com/asr/f442eedb-868c-44d7-934a-fe1ed19b3d5f_1.e43a08e2f981201a04aa88b27fe9a303.jpeg?odnHeight=180&odnWidth=180&odnBg=ffffff
Belkin WeMo Light Switch,49.97,2,"Walmart Supercenter, 5845 W Bell Rd, Glendale, AZ 85308 - Walmart.com",https://i5.walmartimages.com/asr/f442eedb-868c-44d7-934a-fe1ed19b3d5f_1.e43a08e2f981201a04aa88b27fe9a303.jpeg?odnHeight=180&odnWidth=180&odnBg=ffffff
Belkin WeMo Light Switch,49.97,2,"Walmart Supercenter, 1505 N Dale Mabry Hwy, Tampa, FL 33607 - Walmart.com",https://i5.walmartimages.com/asr/f442eedb-868c-44d7-934a-fe1ed19b3d5f_1.e43a08e2f981201a04aa88b27fe9a303.jpeg?odnHeight=180&odnWidth=180&odnBg=ffffff
Belkin WeMo Light Switch,12.49,5,"Walmart Supercenter, 2600 N Highway 64, Guymon, OK 73942 - Walmart.com",https://i5.walmartimages.com/asr/f442eedb-868c-44d7-934a-fe1ed19b3d5f_1.e43a08e2f981201a04aa88b27fe9a303.jpeg?odnHeight=180&odnWidth=180&odnBg=ffffff
Belkin WeMo Light Switch,49.97,2,"Walmart Supercenter, 85 River Trace Lane, Chillicothe, OH 45601 - Walmart.com",https://i5.walmartimages.com/asr/f442eedb-868c-44d7-934a-fe1ed19b3d5f_1.e43a08e2f981201a04aa88b27fe9a303.jpeg?odnHeight=180&odnWidth=180&odnBg=ffffff
Belkin WeMo Light Switch,49.97,11,"Walmart Supercenter, 3105 Dr M L King Jr Blvd, New Bern, NC 28562 - Walmart.com",https://i5.walmartimages.com/asr/f442eedb-868c-44d7-934a-fe1ed19b3d5f_1.e43a08e2f981201a04aa88b27fe9a303.jpeg?odnHeight=180&odnWidth=180&odnBg=ffffff
Belkin WeMo Light Switch,40.0,3,"Walmart Supercenter, 2825 Progress Way, Wilmington, OH 45177 - Walmart.com",https://i5.walmartimages.com/asr/f442eedb-868c-44d7-934a-fe1ed19b3d5f_1.e43a08e2f981201a04aa88b27fe9a303.jpeg?odnHeight=180&odnWidth=180&odnBg=ffffff
Belkin WeMo Light Switch,49.97,4,"Walmart Supercenter, 809 N 12Th St, Murray, KY 42071 - Walmart.com",https://i5.walmartimages.com/asr/f442eedb-868c-44d7-934a-fe1ed19b3d5f_1.e43a08e2f981201a04aa88b27fe9a303.jpeg?odnHeight=180&odnWidth=180&odnBg=ffffff
Belkin WeMo Light Switch,49.97,-1,"Walmart Supercenter, 1250 Goemann Rd, Fairmont, MN 56031 - Walmart.com",https://i5.walmartimages.com/asr/f442eedb-868c-44d7-934a-fe1ed19b3d5f_1.e43a08e2f981201a04aa88b27fe9a303.jpeg?odnHeight=180&odnWidth=180&odnBg=ffffff
Belkin WeMo Light Switch,49.97,2,"Walmart Supercenter, 3728 N Prince St, Clovis, NM 88101 - Walmart.com",https://i5.walmartimages.com/asr/f442eedb-868c-44d7-934a-fe1ed19b3d5f_1.e43a08e2f981201a04aa88b27fe9a303.jpeg?odnHeight=180&odnWidth=180&odnBg=ffffff
Belkin WeMo Light Switch,49.97,3,"Walmart Supercenter, 9451 Dunkirk Ln N, Maple Grove, MN 55311 - Walmart.com",https://i5.walmartimages.com/asr/f442eedb-868c-44d7-934a-fe1ed19b3d5f_1.e43a08e2f981201a04aa88b27fe9a303.jpeg?odnHeight=180&odnWidth=180&odnBg=ffffff
Belkin WeMo Light Switch,49.97,4,"Walmart Supercenter, 4601 Ramsey St, Fayetteville, NC 28311 - Walmart.com",https://i5.walmartimages.com/asr/f442eedb-868c-44d7-934a-fe1ed19b3d5f_1.e43a08e2f981201a04aa88b27fe9a303.jpeg?odnHeight=180&odnWidth=180&odnBg=ffffff
Belkin WeMo Light Switch,49.97,4,"Walmart Supercenter, 9890 Hutchinson Park Dr, Jacksonville, FL 32225 - Walmart.com",https://i5.walmartimages.com/asr/f442eedb-868c-44d7-934a-fe1ed19b3d5f_1.e43a08e2f981201a04aa88b27fe9a303.jpeg?odnHeight=180&odnWidth=180&odnBg=ffffff
Belkin WeMo Light Switch,49.97,2,"Walmart Supercenter, 3615 Marietta Hwy, Dallas, GA 30157 - Walmart.com",https://i5.walmartimages.com/asr/f442eedb-868c-44d7-934a-fe1ed19b3d5f_1.e43a08e2f981201a04aa88b27fe9a303.jpeg?odnHeight=180&odnWidth=180&odnBg=ffffff
Belkin WeMo Light Switch,49.97,1,"Walmart Supercenter, 200 Otis St, Northborough, MA 01532 - Walmart.com",https://i5.walmartimages.com/asr/f442eedb-868c-44d7-934a-fe1ed19b3d5f_1.e43a08e2f981201a04aa88b27fe9a303.jpeg?odnHeight=180&odnWidth=180&odnBg=ffffff
Belkin WeMo Light Switch,49.97,1,"Walmart Supercenter, 2125 Nw Stewart Pkwy, Roseburg, OR 97471 - Walmart.com",https://i5.walmartimages.com/asr/f442eedb-868c-44d7-934a-fe1ed19b3d5f_1.e43a08e2f981201a04aa88b27fe9a303.jpeg?odnHeight=180&odnWidth=180&odnBg=ffffff
Belkin WeMo Light Switch,49.97,1,"Walmart Supercenter, 3701 E Calumet St, Appleton, WI 54915 - Walmart.com",https://i5.walmartimages.com/asr/f442eedb-868c-44d7-934a-fe1ed19b3d5f_1.e43a08e2f981201a04aa88b27fe9a303.jpeg?odnHeight=180&odnWidth=180&odnBg=ffffff
Belkin WeMo Light Switch,35.0,2,"Walmart Supercenter, 1776 Plainfield Pike, Cranston, RI 02921 - Walmart.com",https://i5.walmartimages.com/asr/f442eedb-868c-44d7-934a-fe1ed19b3d5f_1.e43a08e2f981201a04aa88b27fe9a303.jpeg?odnHeight=180&odnWidth=180&odnBg=ffffff
Belkin WeMo Light Switch,49.97,2,"Walmart Supercenter, 1200 N Main St, Suffolk, VA 23434 - Walmart.com",https://i5.walmartimages.com/asr/f442eedb-868c-44d7-934a-fe1ed19b3d5f_1.e43a08e2f981201a04aa88b27fe9a303.jpeg?odnHeight=180&odnWidth=180&odnBg=ffffff
Belkin WeMo Light Switch,49.97,2,"Walmart Supercenter, 16960 W Maple Rd, Omaha, NE 68116 - Walmart.com",https://i5.walmartimages.com/asr/f442eedb-868c-44d7-934a-fe1ed19b3d5f_1.e43a08e2f981201a04aa88b27fe9a303.jpeg?odnHeight=180&odnWidth=180&odnBg=ffffff
Belkin WeMo Light Switch,49.97,5,"Walmart Supercenter, 2500 Forest Hills Rd W, Wilson, NC 27893 - Walmart.com",https://i5.walmartimages.com/asr/f442eedb-868c-44d7-934a-fe1ed19b3d5f_1.e43a08e2f981201a04aa88b27fe9a303.jpeg?odnHeight=180&odnWidth=180&odnBg=ffffff
Belkin WeMo Light Switch,12.49,1,"Walmart Supercenter, 100 Buckhannon Crossroads, Buckhannon, WV 26201 - Walmart.com",https://i5.walmartimages.com/asr/f442eedb-868c-44d7-934a-fe1ed19b3d5f_1.e43a08e2f981201a04aa88b27fe9a303.jpeg?odnHeight=180&odnWidth=180&odnBg=ffffff
Belkin WeMo Light Switch,49.97,6,"Walmart Supercenter, 407 No. State St, Desloge, MO 63601 - Walmart.com",https://i5.walmartimages.com/asr/f442eedb-868c-44d7-934a-fe1ed19b3d5f_1.e43a08e2f981201a04aa88b27fe9a303.jpeg?odnHeight=180&odnWidth=180&odnBg=ffffff
Belkin WeMo Light Switch,49.97,5,"Walmart Supercenter, 2032 Dell Range Blvd, Cheyenne, WY 82009 - Walmart.com",https://i5.walmartimages.com/asr/f442eedb-868c-44d7-934a-fe1ed19b3d5f_1.e43a08e2f981201a04aa88b27fe9a303.jpeg?odnHeight=180&odnWidth=180&odnBg=ffffff
Belkin WeMo Light Switch,49.97,2,"Walmart Supercenter, 2440 W Mason St, Green Bay, WI 54303 - Walmart.com",https://i5.walmartimages.com/asr/f442eedb-868c-44d7-934a-fe1ed19b3d5f_1.e43a08e2f981201a04aa88b27fe9a303.jpeg?odnHeight=180&odnWidth=180&odnBg=ffffff
Belkin WeMo Light Switch,49.97,6,"Walmart Supercenter, 1900 Cunningham Dr, Hampton, VA 23666 - Walmart.com",https://i5.walmartimages.com/asr/f442eedb-868c-44d7-934a-fe1ed19b3d5f_1.e43a08e2f981201a04aa88b27fe9a303.jpeg?odnHeight=180&odnWidth=180&odnBg=ffffff
Belkin WeMo Light Switch,49.97,3,"Walmart Supercenter, 288 Larkin Dr, Monroe, NY 10950 - Walmart.com",https://i5.walmartimages.com/asr/f442eedb-868c-44d7-934a-fe1ed19b3d5f_1.e43a08e2f981201a04aa88b27fe9a303.jpeg?odnHeight=180&odnWidth=180&odnBg=ffffff
Belkin WeMo Light Switch,49.97,2,"Walmart Supercenter, 3142 Ambassador Caffery Pkwy, Lafayette, LA 70506 - Walmart.com",https://i5.walmartimages.com/asr/f442eedb-868c-44d7-934a-fe1ed19b3d5f_1.e43a08e2f981201a04aa88b27fe9a303.jpeg?odnHeight=180&odnWidth=180&odnBg=ffffff
Belkin WeMo Light Switch,49.97,2,"Walmart Supercenter, 75 Retail Circle, Morgantown, WV 26508 - Walmart.com",https://i5.walmartimages.com/asr/f442eedb-868c-44d7-934a-fe1ed19b3d5f_1.e43a08e2f981201a04aa88b27fe9a303.jpeg?odnHeight=180&odnWidth=180&odnBg=ffffff
Belkin WeMo Light Switch,49.97,2,"Walmart Supercenter, 2121 Highway 146 Byp, Liberty, TX 77575 - Walmart.com",https://i5.walmartimages.com/asr/f442eedb-868c-44d7-934a-fe1ed19b3d5f_1.e43a08e2f981201a04aa88b27fe9a303.jpeg?odnHeight=180&odnWidth=180&odnBg=ffffff
Belkin WeMo Light Switch,49.97,2,"Walmart Supercenter, 26270 Northwest Fwy, Cypress, TX 77429 - Walmart.com",https://i5.walmartimages.com/asr/f442eedb-868c-44d7-934a-fe1ed19b3d5f_1.e43a08e2f981201a04aa88b27fe9a303.jpeg?odnHeight=180&odnWidth=180&odnBg=ffffff
Belkin WeMo Light Switch,49.97,2,"Walmart Supercenter, 4980 E Silver Springs Blvd, Ocala, FL 34470 - Walmart.com",https://i5.walmartimages.com/asr/f442eedb-868c-44d7-934a-fe1ed19b3d5f_1.e43a08e2f981201a04aa88b27fe9a303.jpeg?odnHeight=180&odnWidth=180&odnBg=ffffff
Belkin WeMo Light Switch,49.97,3,"Walmart Supercenter, 8970 Pensacola Blvd, Pensacola, FL 32534 - Walmart.com",https://i5.walmartimages.com/asr/f442eedb-868c-44d7-934a-fe1ed19b3d5f_1.e43a08e2f981201a04aa88b27fe9a303.jpeg?odnHeight=180&odnWidth=180&odnBg=ffffff
Belkin WeMo Light Switch,49.97,4,"Walmart Supercenter, 4550 Kester Mill Rd, Winston Salem, NC 27103 - Walmart.com",https://i5.walmartimages.com/asr/f442eedb-868c-44d7-934a-fe1ed19b3d5f_1.e43a08e2f981201a04aa88b27fe9a303.jpeg?odnHeight=180&odnWidth=180&odnBg=ffffff
Belkin WeMo Light Switch,49.97,3,"Walmart Supercenter, 501 E Lincoln Hwy, New Lenox, IL 60451 - Walmart.com",https://i5.walmartimages.com/asr/f442eedb-868c-44d7-934a-fe1ed19b3d5f_1.e43a08e2f981201a04aa88b27fe9a303.jpeg?odnHeight=180&odnWidth=180&odnBg=ffffff
Belkin WeMo Light Switch,49.97,2,"Walmart Supercenter, 2900 Towne Blvd, Middletown, OH 45044 - Walmart.com",https://i5.walmartimages.com/asr/f442eedb-868c-44d7-934a-fe1ed19b3d5f_1.e43a08e2f981201a04aa88b27fe9a303.jpeg?odnHeight=180&odnWidth=180&odnBg=ffffff
Belkin WeMo Light Switch,49.97,1,"Walmart Supercenter, 1711 E Lamar St, Americus, GA 31709 - Walmart.com",https://i5.walmartimages.com/asr/f442eedb-868c-44d7-934a-fe1ed19b3d5f_1.e43a08e2f981201a04aa88b27fe9a303.jpeg?odnHeight=180&odnWidth=180&odnBg=ffffff
Belkin WeMo Light Switch,49.97,5,"Walmart Supercenter, 6001 Mahoning Ave, Austintown, OH 44515 - Walmart.com",https://i5.walmartimages.com/asr/f442eedb-868c-44d7-934a-fe1ed19b3d5f_1.e43a08e2f981201a04aa88b27fe9a303.jpeg?odnHeight=180&odnWidth=180&odnBg=ffffff
Belkin WeMo Light Switch,10.0,1,"Walmart Supercenter, 926 E Collin Raye Dr, De Queen, AR 71832 - Walmart.com",https://i5.walmartimages.com/asr/f442eedb-868c-44d7-934a-fe1ed19b3d5f_1.e43a08e2f981201a04aa88b27fe9a303.jpeg?odnHeight=180&odnWidth=180&odnBg=ffffff
Belkin WeMo Light Switch,49.97,2,"Walmart Supercenter, 220 S Highway 97, Sand Springs, OK 74063 - Walmart.com",https://i5.walmartimages.com/asr/f442eedb-868c-44d7-934a-fe1ed19b3d5f_1.e43a08e2f981201a04aa88b27fe9a303.jpeg?odnHeight=180&odnWidth=180&odnBg=ffffff
Belkin WeMo Light Switch,49.97,11,"Walmart Supercenter, 2424 W Jefferson St, Joliet, IL 60435 - Walmart.com",https://i5.walmartimages.com/asr/f442eedb-868c-44d7-934a-fe1ed19b3d5f_1.e43a08e2f981201a04aa88b27fe9a303.jpeg?odnHeight=180&odnWidth=180&odnBg=ffffff
Belkin WeMo Light Switch,49.97,5,"Walmart Supercenter, 165 Vaughan Ln, Pell City, AL 35125 - Walmart.com",https://i5.walmartimages.com/asr/f442eedb-868c-44d7-934a-fe1ed19b3d5f_1.e43a08e2f981201a04aa88b27fe9a303.jpeg?odnHeight=180&odnWidth=180&odnBg=ffffff
Belkin WeMo Light Switch,49.97,2,"Walmart Supercenter, 5821 W Central Ave, Toledo, OH 43615 - Walmart.com",https://i5.walmartimages.com/asr/f442eedb-868c-44d7-934a-fe1ed19b3d5f_1.e43a08e2f981201a04aa88b27fe9a303.jpeg?odnHeight=180&odnWidth=180&odnBg=ffffff
Belkin WeMo Light Switch,49.97,-1,"Walmart Supercenter, 4000 Route #173, Zion, IL 60099 - Walmart.com",https://i5.walmartimages.com/asr/f442eedb-868c-44d7-934a-fe1ed19b3d5f_1.e43a08e2f981201a04aa88b27fe9a303.jpeg?odnHeight=180&odnWidth=180&odnBg=ffffff
Belkin WeMo Light Switch,49.97,2,"Walmart Supercenter, 100 E Street Rd, Warminster, PA 18974 - Walmart.com",https://i5.walmartimages.com/asr/f442eedb-868c-44d7-934a-fe1ed19b3d5f_1.e43a08e2f981201a04aa88b27fe9a303.jpeg?odnHeight=180&odnWidth=180&odnBg=ffffff
Belkin WeMo Light Switch,49.97,2,"Walmart Supercenter, 3215 Williams Ave, Woodward, OK 73801 - Walmart.com",https://i5.walmartimages.com/asr/f442eedb-868c-44d7-934a-fe1ed19b3d5f_1.e43a08e2f981201a04aa88b27fe9a303.jpeg?odnHeight=180&odnWidth=180&odnBg=ffffff
Belkin WeMo Light Switch,49.97,2,"Walmart Supercenter, 2266 Wyoming Blvd Ne, Albuquerque, NM 87112 - Walmart.com",https://i5.walmartimages.com/asr/f442eedb-868c-44d7-934a-fe1ed19b3d5f_1.e43a08e2f981201a04aa88b27fe9a303.jpeg?odnHeight=180&odnWidth=180&odnBg=ffffff
Belkin WeMo Light Switch,49.97,6,"Walmart Supercenter, 6315 82Nd St, Lubbock, TX 79424 - Walmart.com",https://i5.walmartimages.com/asr/f442eedb-868c-44d7-934a-fe1ed19b3d5f_1.e43a08e2f981201a04aa88b27fe9a303.jpeg?odnHeight=180&odnWidth=180&odnBg=ffffff
Belkin WeMo Light Switch,49.97,1,"Walmart Supercenter, 6185 Retail Rd, Dallas, TX 75231 - Walmart.com",https://i5.walmartimages.com/asr/f442eedb-868c-44d7-934a-fe1ed19b3d5f_1.e43a08e2f981201a04aa88b27fe9a303.jpeg?odnHeight=180&odnWidth=180&odnBg=ffffff
Belkin WeMo Light Switch,25.0,3,"Walmart Supercenter, 670 Lillington Hwy, Spring Lake, NC 28390 - Walmart.com",https://i5.walmartimages.com/asr/f442eedb-868c-44d7-934a-fe1ed19b3d5f_1.e43a08e2f981201a04aa88b27fe9a303.jpeg?odnHeight=180&odnWidth=180&odnBg=ffffff
Belkin WeMo Light Switch,49.97,2,"Walmart Supercenter, 5900 Perkiomen Ave, Reading, PA 19606 - Walmart.com",https://i5.walmartimages.com/asr/f442eedb-868c-44d7-934a-fe1ed19b3d5f_1.e43a08e2f981201a04aa88b27fe9a303.jpeg?odnHeight=180&odnWidth=180&odnBg=ffffff
Belkin WeMo Light Switch,49.97,3,"Walmart Supercenter, 340 Westwind Dr, Norwalk, OH 44857 - Walmart.com",https://i5.walmartimages.com/asr/f442eedb-868c-44d7-934a-fe1ed19b3d5f_1.e43a08e2f981201a04aa88b27fe9a303.jpeg?odnHeight=180&odnWidth=180&odnBg=ffffff
Belkin WeMo Light Switch,49.97,3,"Walmart Supercenter, 4517 N Midland Dr, Midland, TX 79707 - Walmart.com",https://i5.walmartimages.com/asr/f442eedb-868c-44d7-934a-fe1ed19b3d5f_1.e43a08e2f981201a04aa88b27fe9a303.jpeg?odnHeight=180&odnWidth=180&odnBg=ffffff
Belkin WeMo Light Switch,49.97,2,"Walmart Supercenter, 7235 Market Place Dr, Aurora, OH 44202 - Walmart.com",https://i5.walmartimages.com/asr/f442eedb-868c-44d7-934a-fe1ed19b3d5f_1.e43a08e2f981201a04aa88b27fe9a303.jpeg?odnHeight=180&odnWidth=180&odnBg=ffffff
Belkin WeMo Light Switch,49.97,9,"Walmart Supercenter, 6134 White Horse Rd, Greenville, SC 29611 - Walmart.com",https://i5.walmartimages.com/asr/f442eedb-868c-44d7-934a-fe1ed19b3d5f_1.e43a08e2f981201a04aa88b27fe9a303.jpeg?odnHeight=180&odnWidth=180&odnBg=ffffff
Belkin WeMo Light Switch,49.97,3,"Walmart Supercenter, 2540 Rockwood Ave, Calexico, CA 92231 - Walmart.com",https://i5.walmartimages.com/asr/f442eedb-868c-44d7-934a-fe1ed19b3d5f_1.e43a08e2f981201a04aa88b27fe9a303.jpeg?odnHeight=180&odnWidth=180&odnBg=ffffff
Belkin WeMo Light Switch,49.97,8,"Walmart Supercenter, 5851 Mercury Dr, Dearborn, MI 48126 - Walmart.com",https://i5.walmartimages.com/asr/f442eedb-868c-44d7-934a-fe1ed19b3d5f_1.e43a08e2f981201a04aa88b27fe9a303.jpeg?odnHeight=180&odnWidth=180&odnBg=ffffff
Belkin WeMo Light Switch,49.97,8,"Walmart Supercenter, 5919 Trussville Crossings Pkwy, Birmingham, AL 35235 - Walmart.com",https://i5.walmartimages.com/asr/f442eedb-868c-44d7-934a-fe1ed19b3d5f_1.e43a08e2f981201a04aa88b27fe9a303.jpeg?odnHeight=180&odnWidth=180&odnBg=ffffff
Belkin WeMo Light Switch,49.97,2,"Walmart Supercenter, 13227 City Square Dr, Jacksonville, FL 32218 - Walmart.com",https://i5.walmartimages.com/asr/f442eedb-868c-44d7-934a-fe1ed19b3d5f_1.e43a08e2f981201a04aa88b27fe9a303.jpeg?odnHeight=180&odnWidth=180&odnBg=ffffff
Belkin WeMo Light Switch,49.97,2,"Walmart Supercenter, 5555 De Zavala Rd, San Antonio, TX 78249 - Walmart.com",https://i5.walmartimages.com/asr/f442eedb-868c-44d7-934a-fe1ed19b3d5f_1.e43a08e2f981201a04aa88b27fe9a303.jpeg?odnHeight=180&odnWidth=180&odnBg=ffffff
Belkin WeMo Light Switch,49.97,6,"Walmart Supercenter, 125 N 2Nd St, Evanston, WY 82930 - Walmart.com",https://i5.walmartimages.com/asr/f442eedb-868c-44d7-934a-fe1ed19b3d5f_1.e43a08e2f981201a04aa88b27fe9a303.jpeg?odnHeight=180&odnWidth=180&odnBg=ffffff
Belkin WeMo Light Switch,12.49,3,"Walmart Supercenter, 800 Highway 64 E, Wynne, AR 72396 - Walmart.com",https://i5.walmartimages.com/asr/f442eedb-868c-44d7-934a-fe1ed19b3d5f_1.e43a08e2f981201a04aa88b27fe9a303.jpeg?odnHeight=180&odnWidth=180&odnBg=ffffff
Belkin WeMo Light Switch,20.0,5,"Walmart Supercenter, 2145 Eastern Ave, Gallipolis, OH 45631 - Walmart.com",https://i5.walmartimages.com/asr/f442eedb-868c-44d7-934a-fe1ed19b3d5f_1.e43a08e2f981201a04aa88b27fe9a303.jpeg?odnHeight=180&odnWidth=180&odnBg=ffffff
Belkin WeMo Light Switch,49.97,2,"Walmart Supercenter, 120 Ajk Blvd, Lewisburg, PA 17837 - Walmart.com",https://i5.walmartimages.com/asr/f442eedb-868c-44d7-934a-fe1ed19b3d5f_1.e43a08e2f981201a04aa88b27fe9a303.jpeg?odnHeight=180&odnWidth=180&odnBg=ffffff
Belkin WeMo Light Switch,49.97,3,"Walmart Supercenter, 1681 Eatonton Rd, Madison, GA 30650 - Walmart.com",https://i5.walmartimages.com/asr/f442eedb-868c-44d7-934a-fe1ed19b3d5f_1.e43a08e2f981201a04aa88b27fe9a303.jpeg?odnHeight=180&odnWidth=180&odnBg=ffffff
Belkin WeMo Light Switch,49.97,2,"Walmart Supercenter, 12200 Chattanooga Plz, Midlothian, VA 23112 - Walmart.com",https://i5.walmartimages.com/asr/f442eedb-868c-44d7-934a-fe1ed19b3d5f_1.e43a08e2f981201a04aa88b27fe9a303.jpeg?odnHeight=180&odnWidth=180&odnBg=ffffff
Belkin WeMo Light Switch,49.97,4,"Walmart Supercenter, 9053 Highway 107, Sherwood, AR 72120 - Walmart.com",https://i5.walmartimages.com/asr/f442eedb-868c-44d7-934a-fe1ed19b3d5f_1.e43a08e2f981201a04aa88b27fe9a303.jpeg?odnHeight=180&odnWidth=180&odnBg=ffffff
Belkin WeMo Light Switch,49.97,2,"Walmart Supercenter, 7700 W Quincy Ave, Littleton, CO 80123 - Walmart.com",https://i5.walmartimages.com/asr/f442eedb-868c-44d7-934a-fe1ed19b3d5f_1.e43a08e2f981201a04aa88b27fe9a303.jpeg?odnHeight=180&odnWidth=180&odnBg=ffffff
Belkin WeMo Light Switch,49.97,4,"Walmart Supercenter, 150 Walton Ave, Bowling Green, KY 42104 - Walmart.com",https://i5.walmartimages.com/asr/f442eedb-868c-44d7-934a-fe1ed19b3d5f_1.e43a08e2f981201a04aa88b27fe9a303.jpeg?odnHeight=180&odnWidth=180&odnBg=ffffff
Belkin WeMo Light Switch,49.97,2,"Walmart Supercenter, 6051 Florin Rd, Sacramento, CA 95823 - Walmart.com",https://i5.walmartimages.com/asr/f442eedb-868c-44d7-934a-fe1ed19b3d5f_1.e43a08e2f981201a04aa88b27fe9a303.jpeg?odnHeight=180&odnWidth=180&odnBg=ffffff
Belkin WeMo Light Switch,49.97,2,"Walmart Supercenter, 561 Yopp Rd, Jacksonville, NC 28540 - Walmart.com",https://i5.walmartimages.com/asr/f442eedb-868c-44d7-934a-fe1ed19b3d5f_1.e43a08e2f981201a04aa88b27fe9a303.jpeg?odnHeight=180&odnWidth=180&odnBg=ffffff
Belkin WeMo Light Switch,49.97,-1,"Walmart Supercenter, 8961 Greenback Ln, Orangevale, CA 95662 - Walmart.com",https://i5.walmartimages.com/asr/f442eedb-868c-44d7-934a-fe1ed19b3d5f_1.e43a08e2f981201a04aa88b27fe9a303.jpeg?odnHeight=180&odnWidth=180&odnBg=ffffff
Belkin WeMo Light Switch,49.97,3,"Walmart Supercenter, 2171 Oneal Ln, Baton Rouge, LA 70816 - Walmart.com",https://i5.walmartimages.com/asr/f442eedb-868c-44d7-934a-fe1ed19b3d5f_1.e43a08e2f981201a04aa88b27fe9a303.jpeg?odnHeight=180&odnWidth=180&odnBg=ffffff
Belkin WeMo Light Switch,49.97,2,"Walmart Supercenter, 1700 S Org Blsmtrail, Apopka, FL 32703 - Walmart.com",https://i5.walmartimages.com/asr/f442eedb-868c-44d7-934a-fe1ed19b3d5f_1.e43a08e2f981201a04aa88b27fe9a303.jpeg?odnHeight=180&odnWidth=180&odnBg=ffffff
Belkin WeMo Light Switch,49.97,5,"Walmart Supercenter, 168 Obed Plz Ste 108, Crossville, TN 38555 - Walmart.com",https://i5.walmartimages.com/asr/f442eedb-868c-44d7-934a-fe1ed19b3d5f_1.e43a08e2f981201a04aa88b27fe9a303.jpeg?odnHeight=180&odnWidth=180&odnBg=ffffff
Belkin WeMo Light Switch,49.97,4,"Walmart Supercenter, 4900 Garth Rd, Baytown, TX 77521 - Walmart.com",https://i5.walmartimages.com/asr/f442eedb-868c-44d7-934a-fe1ed19b3d5f_1.e43a08e2f981201a04aa88b27fe9a303.jpeg?odnHeight=180&odnWidth=180&odnBg=ffffff
Belkin WeMo Light Switch,49.97,2,"Walmart Supercenter, 1575 Land O Lakes Blvd, Lutz, FL 33549 - Walmart.com",https://i5.walmartimages.com/asr/f442eedb-868c-44d7-934a-fe1ed19b3d5f_1.e43a08e2f981201a04aa88b27fe9a303.jpeg?odnHeight=180&odnWidth=180&odnBg=ffffff
Belkin WeMo Light Switch,49.97,2,"Walmart Supercenter, 200 Us Highway 80 E, Mesquite, TX 75149 - Walmart.com",https://i5.walmartimages.com/asr/f442eedb-868c-44d7-934a-fe1ed19b3d5f_1.e43a08e2f981201a04aa88b27fe9a303.jpeg?odnHeight=180&odnWidth=180&odnBg=ffffff
Belkin WeMo Light Switch,49.97,3,"Walmart Supercenter, 20120 Pinebrook Blvd, Bend, OR 97702 - Walmart.com",https://i5.walmartimages.com/asr/f442eedb-868c-44d7-934a-fe1ed19b3d5f_1.e43a08e2f981201a04aa88b27fe9a303.jpeg?odnHeight=180&odnWidth=180&odnBg=ffffff
Belkin WeMo Light Switch,57.97,12,"Walmart Supercenter, Rafael Cordero Ave #301, Caguas, PR 00725 - Walmart.com",https://i5.walmartimages.com/asr/f442eedb-868c-44d7-934a-fe1ed19b3d5f_1.e43a08e2f981201a04aa88b27fe9a303.jpeg?odnHeight=180&odnWidth=180&odnBg=ffffff
Belkin WeMo Light Switch,49.97,3,"Walmart Supercenter, 1202 S Kirkwood Rd, Kirkwood, MO 63122 - Walmart.com",https://i5.walmartimages.com/asr/f442eedb-868c-44d7-934a-fe1ed19b3d5f_1.e43a08e2f981201a04aa88b27fe9a303.jpeg?odnHeight=180&odnWidth=180&odnBg=ffffff
Belkin WeMo Light Switch,49.97,3,"Walmart Supercenter, 1151 Stonecrest Blvd, Tega Cay, SC 29708 - Walmart.com",https://i5.walmartimages.com/asr/f442eedb-868c-44d7-934a-fe1ed19b3d5f_1.e43a08e2f981201a04aa88b27fe9a303.jpeg?odnHeight=180&odnWidth=180&odnBg=ffffff
Belkin WeMo Light Switch,49.97,5,"Walmart Supercenter, 3101 E Kansas Ave, Garden City, KS 67846 - Walmart.com",https://i5.walmartimages.com/asr/f442eedb-868c-44d7-934a-fe1ed19b3d5f_1.e43a08e2f981201a04aa88b27fe9a303.jpeg?odnHeight=180&odnWidth=180&odnBg=ffffff
Belkin WeMo Light Switch,57.97,3,"Walmart Supercenter, 701 R.H TODD, SAN JUAN, PR 00907 - Walmart.com",https://i5.walmartimages.com/asr/f442eedb-868c-44d7-934a-fe1ed19b3d5f_1.e43a08e2f981201a04aa88b27fe9a303.jpeg?odnHeight=180&odnWidth=180&odnBg=ffffff
Belkin WeMo Light Switch,49.97,3,"Walmart Supercenter, 3500 W Alton Gloor Blvd, Brownsville, TX 78520 - Walmart.com",https://i5.walmartimages.com/asr/f442eedb-868c-44d7-934a-fe1ed19b3d5f_1.e43a08e2f981201a04aa88b27fe9a303.jpeg?odnHeight=180&odnWidth=180&odnBg=ffffff
Belkin WeMo Light Switch,49.97,2,"Walmart Supercenter, 200 Walmart Way, Morehead, KY 40351 - Walmart.com",https://i5.walmartimages.com/asr/f442eedb-868c-44d7-934a-fe1ed19b3d5f_1.e43a08e2f981201a04aa88b27fe9a303.jpeg?odnHeight=180&odnWidth=180&odnBg=ffffff
Belkin WeMo Light Switch,49.97,9,"Walmart Supercenter, 150 Western Ave Nw, Faribault, MN 55021 - Walmart.com",https://i5.walmartimages.com/asr/f442eedb-868c-44d7-934a-fe1ed19b3d5f_1.e43a08e2f981201a04aa88b27fe9a303.jpeg?odnHeight=180&odnWidth=180&odnBg=ffffff
Belkin WeMo Light Switch,49.97,4,"Walmart Supercenter, 2950 New Pinery Rd, Portage, WI 53901 - Walmart.com",https://i5.walmartimages.com/asr/f442eedb-868c-44d7-934a-fe1ed19b3d5f_1.e43a08e2f981201a04aa88b27fe9a303.jpeg?odnHeight=180&odnWidth=180&odnBg=ffffff
Belkin WeMo Light Switch,49.97,3,"Walmart Supercenter, 890 Odum Rd, Gardendale, AL 35071 - Walmart.com",https://i5.walmartimages.com/asr/f442eedb-868c-44d7-934a-fe1ed19b3d5f_1.e43a08e2f981201a04aa88b27fe9a303.jpeg?odnHeight=180&odnWidth=180&odnBg=ffffff
Belkin WeMo Light Switch,49.97,2,"Walmart Supercenter, 1800 University Dr, Vista, CA 92083 - Walmart.com",https://i5.walmartimages.com/asr/f442eedb-868c-44d7-934a-fe1ed19b3d5f_1.e43a08e2f981201a04aa88b27fe9a303.jpeg?odnHeight=180&odnWidth=180&odnBg=ffffff
Belkin WeMo Light Switch,49.97,6,"Walmart Supercenter, 3525 Us Highway 27 N, Sebring, FL 33870 - Walmart.com",https://i5.walmartimages.com/asr/f442eedb-868c-44d7-934a-fe1ed19b3d5f_1.e43a08e2f981201a04aa88b27fe9a303.jpeg?odnHeight=180&odnWidth=180&odnBg=ffffff
Belkin WeMo Light Switch,49.97,2,"Walmart Supercenter, 5588 Little Debbie Pkwy, Ooltewah, TN 37363 - Walmart.com",https://i5.walmartimages.com/asr/f442eedb-868c-44d7-934a-fe1ed19b3d5f_1.e43a08e2f981201a04aa88b27fe9a303.jpeg?odnHeight=180&odnWidth=180&odnBg=ffffff
Belkin WeMo Light Switch,49.97,2,"Walmart Supercenter, 7200 Arroyo Crossing Pkwy, Las Vegas, NV 89113 - Walmart.com",https://i5.walmartimages.com/asr/f442eedb-868c-44d7-934a-fe1ed19b3d5f_1.e43a08e2f981201a04aa88b27fe9a303.jpeg?odnHeight=180&odnWidth=180&odnBg=ffffff
Belkin WeMo Light Switch,49.97,2,"Walmart Supercenter, 3025 Lancaster Dr Ne, Salem, OR 97305 - Walmart.com",https://i5.walmartimages.com/asr/f442eedb-868c-44d7-934a-fe1ed19b3d5f_1.e43a08e2f981201a04aa88b27fe9a303.jpeg?odnHeight=180&odnWidth=180&odnBg=ffffff
Belkin WeMo Light Switch,49.97,2,"Walmart Supercenter, 901 Unser Blvd Se, Rio Rancho, NM 87124 - Walmart.com",https://i5.walmartimages.com/asr/f442eedb-868c-44d7-934a-fe1ed19b3d5f_1.e43a08e2f981201a04aa88b27fe9a303.jpeg?odnHeight=180&odnWidth=180&odnBg=ffffff
Belkin WeMo Light Switch,49.97,5,"Walmart Supercenter, 700 E Ennis Ave, Ennis, TX 75119 - Walmart.com",https://i5.walmartimages.com/asr/f442eedb-868c-44d7-934a-fe1ed19b3d5f_1.e43a08e2f981201a04aa88b27fe9a303.jpeg?odnHeight=180&odnWidth=180&odnBg=ffffff
Belkin WeMo Light Switch,49.97,6,"Walmart Supercenter, 1901 Milwaukee Ave, Burlington, WI 53105 - Walmart.com",https://i5.walmartimages.com/asr/f442eedb-868c-44d7-934a-fe1ed19b3d5f_1.e43a08e2f981201a04aa88b27fe9a303.jpeg?odnHeight=180&odnWidth=180&odnBg=ffffff
Belkin WeMo Light Switch,49.97,4,"Walmart Supercenter, 2551 32Nd Ave S, Grand Forks, ND 58201 - Walmart.com",https://i5.walmartimages.com/asr/f442eedb-868c-44d7-934a-fe1ed19b3d5f_1.e43a08e2f981201a04aa88b27fe9a303.jpeg?odnHeight=180&odnWidth=180&odnBg=ffffff
Belkin WeMo Light Switch,40.0,2,"Walmart Supercenter, 10180 Us Highway 522 S, Lewistown, PA 17044 - Walmart.com",https://i5.walmartimages.com/asr/f442eedb-868c-44d7-934a-fe1ed19b3d5f_1.e43a08e2f981201a04aa88b27fe9a303.jpeg?odnHeight=180&odnWidth=180&odnBg=ffffff
Belkin WeMo Light Switch,49.97,2,"Walmart Supercenter, 5521 E Arrowhead Pkwy, Sioux Falls, SD 57110 - Walmart.com",https://i5.walmartimages.com/asr/f442eedb-868c-44d7-934a-fe1ed19b3d5f_1.e43a08e2f981201a04aa88b27fe9a303.jpeg?odnHeight=180&odnWidth=180&odnBg=ffffff
Belkin WeMo Light Switch,49.97,6,"Walmart Supercenter, 1536 Egg Harbor Rd, Sturgeon Bay, WI 54235 - Walmart.com",https://i5.walmartimages.com/asr/f442eedb-868c-44d7-934a-fe1ed19b3d5f_1.e43a08e2f981201a04aa88b27fe9a303.jpeg?odnHeight=180&odnWidth=180&odnBg=ffffff
Belkin WeMo Light Switch,49.97,3,"Walmart Supercenter, 2501 Citrus Blvd, Leesburg, FL 34748 - Walmart.com",https://i5.walmartimages.com/asr/f442eedb-868c-44d7-934a-fe1ed19b3d5f_1.e43a08e2f981201a04aa88b27fe9a303.jpeg?odnHeight=180&odnWidth=180&odnBg=ffffff
Belkin WeMo Light Switch,12.49,1,"Walmart Supercenter, 12862 State Route 21, De Soto, MO 63020 - Walmart.com",https://i5.walmartimages.com/asr/f442eedb-868c-44d7-934a-fe1ed19b3d5f_1.e43a08e2f981201a04aa88b27fe9a303.jpeg?odnHeight=180&odnWidth=180&odnBg=ffffff
Belkin WeMo Light Switch,49.97,4,"Walmart Supercenter, 3400 55Th St Nw, Rochester, MN 55901 - Walmart.com",https://i5.walmartimages.com/asr/f442eedb-868c-44d7-934a-fe1ed19b3d5f_1.e43a08e2f981201a04aa88b27fe9a303.jpeg?odnHeight=180&odnWidth=180&odnBg=ffffff
Belkin WeMo Light Switch,49.97,-1,"Walmart Supercenter, 1720 Westridge Rd, New Ulm, MN 56073 - Walmart.com",https://i5.walmartimages.com/asr/f442eedb-868c-44d7-934a-fe1ed19b3d5f_1.e43a08e2f981201a04aa88b27fe9a303.jpeg?odnHeight=180&odnWidth=180&odnBg=ffffff
Belkin WeMo Light Switch,49.97,2,"Walmart Supercenter, 311 E Route 38, Rochelle, IL 61068 - Walmart.com",https://i5.walmartimages.com/asr/f442eedb-868c-44d7-934a-fe1ed19b3d5f_1.e43a08e2f981201a04aa88b27fe9a303.jpeg?odnHeight=180&odnWidth=180&odnBg=ffffff
Belkin WeMo Light Switch,49.97,7,"Walmart Supercenter, 1351 Veterans Pkwy, Clarksville, IN 47129 - Walmart.com",https://i5.walmartimages.com/asr/f442eedb-868c-44d7-934a-fe1ed19b3d5f_1.e43a08e2f981201a04aa88b27fe9a303.jpeg?odnHeight=180&odnWidth=180&odnBg=ffffff
Belkin WeMo Light Switch,49.97,1,"Walmart Supercenter, 2100 Summit Ridge Plz, Mount Pleasant, PA 15666 - Walmart.com",https://i5.walmartimages.com/asr/f442eedb-868c-44d7-934a-fe1ed19b3d5f_1.e43a08e2f981201a04aa88b27fe9a303.jpeg?odnHeight=180&odnWidth=180&odnBg=ffffff
Belkin WeMo Light Switch,25.0,2,"Walmart Supercenter, 1650 W Valencia Rd, Tucson, AZ 85746 - Walmart.com",https://i5.walmartimages.com/asr/f442eedb-868c-44d7-934a-fe1ed19b3d5f_1.e43a08e2f981201a04aa88b27fe9a303.jpeg?odnHeight=180&odnWidth=180&odnBg=ffffff
Belkin WeMo Light Switch,49.97,6,"Walmart Supercenter, 25737 Us Route #11, Evans Mills, NY 13637 - Walmart.com",https://i5.walmartimages.com/asr/f442eedb-868c-44d7-934a-fe1ed19b3d5f_1.e43a08e2f981201a04aa88b27fe9a303.jpeg?odnHeight=180&odnWidth=180&odnBg=ffffff
Belkin WeMo Light Switch,49.97,2,"Walmart Supercenter, 9500 E Us Highway 36, Avon, IN 46123 - Walmart.com",https://i5.walmartimages.com/asr/f442eedb-868c-44d7-934a-fe1ed19b3d5f_1.e43a08e2f981201a04aa88b27fe9a303.jpeg?odnHeight=180&odnWidth=180&odnBg=ffffff
Belkin WeMo Light Switch,49.97,6,"Walmart Supercenter, 3657 E Main St, Whitehall, OH 43213 - Walmart.com",https://i5.walmartimages.com/asr/f442eedb-868c-44d7-934a-fe1ed19b3d5f_1.e43a08e2f981201a04aa88b27fe9a303.jpeg?odnHeight=180&odnWidth=180&odnBg=ffffff
Belkin WeMo Light Switch,49.97,4,"Walmart Supercenter, 1801 S State Road 57, Washington, IN 47501 - Walmart.com",https://i5.walmartimages.com/asr/f442eedb-868c-44d7-934a-fe1ed19b3d5f_1.e43a08e2f981201a04aa88b27fe9a303.jpeg?odnHeight=180&odnWidth=180&odnBg=ffffff
Belkin WeMo Light Switch,49.97,2,"Walmart Supercenter, 161 N. Walmart Drive, Harrison, AR 72601 - Walmart.com",https://i5.walmartimages.com/asr/f442eedb-868c-44d7-934a-fe1ed19b3d5f_1.e43a08e2f981201a04aa88b27fe9a303.jpeg?odnHeight=180&odnWidth=180&odnBg=ffffff
Belkin WeMo Light Switch,49.97,5,"Walmart Supercenter, 7400 Rivers Ave, North Charleston, SC 29406 - Walmart.com",https://i5.walmartimages.com/asr/f442eedb-868c-44d7-934a-fe1ed19b3d5f_1.e43a08e2f981201a04aa88b27fe9a303.jpeg?odnHeight=180&odnWidth=180&odnBg=ffffff
Belkin WeMo Light Switch,49.97,7,"Walmart Supercenter, 3100 Hough Rd, Florence, AL 35630 - Walmart.com",https://i5.walmartimages.com/asr/f442eedb-868c-44d7-934a-fe1ed19b3d5f_1.e43a08e2f981201a04aa88b27fe9a303.jpeg?odnHeight=180&odnWidth=180&odnBg=ffffff
Belkin WeMo Light Switch,49.97,2,"Walmart Supercenter, 155 Louetta Xing, Spring, TX 77373 - Walmart.com",https://i5.walmartimages.com/asr/f442eedb-868c-44d7-934a-fe1ed19b3d5f_1.e43a08e2f981201a04aa88b27fe9a303.jpeg?odnHeight=180&odnWidth=180&odnBg=ffffff
Belkin WeMo Light Switch,49.97,2,"Walmart Supercenter, 1511 Benvenue Rd, Rocky Mount, NC 27804 - Walmart.com",https://i5.walmartimages.com/asr/f442eedb-868c-44d7-934a-fe1ed19b3d5f_1.e43a08e2f981201a04aa88b27fe9a303.jpeg?odnHeight=180&odnWidth=180&odnBg=ffffff
Belkin WeMo Light Switch,49.97,2,"Walmart Supercenter, 3615 Sangani Blvd, Diberville, MS 39540 - Walmart.com",https://i5.walmartimages.com/asr/f442eedb-868c-44d7-934a-fe1ed19b3d5f_1.e43a08e2f981201a04aa88b27fe9a303.jpeg?odnHeight=180&odnWidth=180&odnBg=ffffff
Belkin WeMo Light Switch,49.97,11,"Walmart Supercenter, 11900 Atlantic Blvd, Jacksonville, FL 32225 - Walmart.com",https://i5.walmartimages.com/asr/f442eedb-868c-44d7-934a-fe1ed19b3d5f_1.e43a08e2f981201a04aa88b27fe9a303.jpeg?odnHeight=180&odnWidth=180&odnBg=ffffff
Belkin WeMo Light Switch,49.97,6,"Walmart Supercenter, 5600 N Henry Blvd, Stockbridge, GA 30281 - Walmart.com",https://i5.walmartimages.com/asr/f442eedb-868c-44d7-934a-fe1ed19b3d5f_1.e43a08e2f981201a04aa88b27fe9a303.jpeg?odnHeight=180&odnWidth=180&odnBg=ffffff
Belkin WeMo Light Switch,25.0,4,"Walmart Supercenter, 5000 Rhonda Rd, Anderson, CA 96007 - Walmart.com",https://i5.walmartimages.com/asr/f442eedb-868c-44d7-934a-fe1ed19b3d5f_1.e43a08e2f981201a04aa88b27fe9a303.jpeg?odnHeight=180&odnWidth=180&odnBg=ffffff
Belkin WeMo Light Switch,49.97,2,"Walmart Supercenter, 3795 Buford Dr, Buford, GA 30519 - Walmart.com",https://i5.walmartimages.com/asr/f442eedb-868c-44d7-934a-fe1ed19b3d5f_1.e43a08e2f981201a04aa88b27fe9a303.jpeg?odnHeight=180&odnWidth=180&odnBg=ffffff
Belkin WeMo Light Switch,49.97,8,"Walmart Supercenter, 1529 Washington St, Williamston, NC 27892 - Walmart.com",https://i5.walmartimages.com/asr/f442eedb-868c-44d7-934a-fe1ed19b3d5f_1.e43a08e2f981201a04aa88b27fe9a303.jpeg?odnHeight=180&odnWidth=180&odnBg=ffffff
Belkin WeMo Light Switch,49.97,2,"Walmart Supercenter, 5811 Elmore Ave, Davenport, IA 52807 - Walmart.com",https://i5.walmartimages.com/asr/f442eedb-868c-44d7-934a-fe1ed19b3d5f_1.e43a08e2f981201a04aa88b27fe9a303.jpeg?odnHeight=180&odnWidth=180&odnBg=ffffff
Belkin WeMo Light Switch,49.97,3,"Walmart Supercenter, 410 Grand Valley Blvd, Martinsville, IN 46151 - Walmart.com",https://i5.walmartimages.com/asr/f442eedb-868c-44d7-934a-fe1ed19b3d5f_1.e43a08e2f981201a04aa88b27fe9a303.jpeg?odnHeight=180&odnWidth=180&odnBg=ffffff
Belkin WeMo Light Switch,49.97,3,"Walmart Supercenter, 1831 Lake Ave, Storm Lake, IA 50588 - Walmart.com",https://i5.walmartimages.com/asr/f442eedb-868c-44d7-934a-fe1ed19b3d5f_1.e43a08e2f981201a04aa88b27fe9a303.jpeg?odnHeight=180&odnWidth=180&odnBg=ffffff
Belkin WeMo Light Switch,49.97,5,"Walmart Supercenter, 2205 Harrison Rd Se, Thomson, GA 30824 - Walmart.com",https://i5.walmartimages.com/asr/f442eedb-868c-44d7-934a-fe1ed19b3d5f_1.e43a08e2f981201a04aa88b27fe9a303.jpeg?odnHeight=180&odnWidth=180&odnBg=ffffff
Belkin WeMo Light Switch,49.97,5,"Walmart Supercenter, 250 E Tucker Rd, Liberal, KS 67901 - Walmart.com",https://i5.walmartimages.com/asr/f442eedb-868c-44d7-934a-fe1ed19b3d5f_1.e43a08e2f981201a04aa88b27fe9a303.jpeg?odnHeight=180&odnWidth=180&odnBg=ffffff
Belkin WeMo Light Switch,49.97,5,"Walmart Supercenter, 205 S Centennial Dr, Mcpherson, KS 67460 - Walmart.com",https://i5.walmartimages.com/asr/f442eedb-868c-44d7-934a-fe1ed19b3d5f_1.e43a08e2f981201a04aa88b27fe9a303.jpeg?odnHeight=180&odnWidth=180&odnBg=ffffff
Belkin WeMo Light Switch,49.97,2,"Walmart Supercenter, 3711 S Taylor Dr, Sheboygan, WI 53081 - Walmart.com",https://i5.walmartimages.com/asr/f442eedb-868c-44d7-934a-fe1ed19b3d5f_1.e43a08e2f981201a04aa88b27fe9a303.jpeg?odnHeight=180&odnWidth=180&odnBg=ffffff
Belkin WeMo Light Switch,49.97,2,"Walmart Supercenter, 12850 L St, Omaha, NE 68137 - Walmart.com",https://i5.walmartimages.com/asr/f442eedb-868c-44d7-934a-fe1ed19b3d5f_1.e43a08e2f981201a04aa88b27fe9a303.jpeg?odnHeight=180&odnWidth=180&odnBg=ffffff
Belkin WeMo Light Switch,49.97,2,"Walmart Supercenter, 10600 W 21St St N, Wichita, KS 67205 - Walmart.com",https://i5.walmartimages.com/asr/f442eedb-868c-44d7-934a-fe1ed19b3d5f_1.e43a08e2f981201a04aa88b27fe9a303.jpeg?odnHeight=180&odnWidth=180&odnBg=ffffff
Belkin WeMo Light Switch,49.97,6,"Walmart Supercenter, 2101 Gateway Center Dr, Belvidere, IL 61008 - Walmart.com",https://i5.walmartimages.com/asr/f442eedb-868c-44d7-934a-fe1ed19b3d5f_1.e43a08e2f981201a04aa88b27fe9a303.jpeg?odnHeight=180&odnWidth=180&odnBg=ffffff
Belkin WeMo Light Switch,49.97,13,"Walmart Supercenter, 4620 Black Horse Pike, Mays Landing, NJ 08330 - Walmart.com",https://i5.walmartimages.com/asr/f442eedb-868c-44d7-934a-fe1ed19b3d5f_1.e43a08e2f981201a04aa88b27fe9a303.jpeg?odnHeight=180&odnWidth=180&odnBg=ffffff
Belkin WeMo Light Switch,49.97,2,"Walmart Supercenter, 21055 E Rittenhouse Rd, Queen Creek, AZ 85142 - Walmart.com",https://i5.walmartimages.com/asr/f442eedb-868c-44d7-934a-fe1ed19b3d5f_1.e43a08e2f981201a04aa88b27fe9a303.jpeg?odnHeight=180&odnWidth=180&odnBg=ffffff
Belkin WeMo Light Switch,49.97,1,"Walmart Supercenter, 100 Walmart Dr, Jackson, OH 45640 - Walmart.com",https://i5.walmartimages.com/asr/f442eedb-868c-44d7-934a-fe1ed19b3d5f_1.e43a08e2f981201a04aa88b27fe9a303.jpeg?odnHeight=180&odnWidth=180&odnBg=ffffff
Belkin WeMo Light Switch,49.97,5,"Walmart Supercenter, 135 Ne Terry Ln, Grants Pass, OR 97526 - Walmart.com",https://i5.walmartimages.com/asr/f442eedb-868c-44d7-934a-fe1ed19b3d5f_1.e43a08e2f981201a04aa88b27fe9a303.jpeg?odnHeight=180&odnWidth=180&odnBg=ffffff
Belkin WeMo Light Switch,49.97,2,"Walmart Supercenter, 18680 S Nogales Hwy, Green Valley, AZ 85614 - Walmart.com",https://i5.walmartimages.com/asr/f442eedb-868c-44d7-934a-fe1ed19b3d5f_1.e43a08e2f981201a04aa88b27fe9a303.jpeg?odnHeight=180&odnWidth=180&odnBg=ffffff
Belkin WeMo Light Switch,49.97,5,"Walmart Supercenter, 3010 E 23Rd St, Fremont, NE 68025 - Walmart.com",https://i5.walmartimages.com/asr/f442eedb-868c-44d7-934a-fe1ed19b3d5f_1.e43a08e2f981201a04aa88b27fe9a303.jpeg?odnHeight=180&odnWidth=180&odnBg=ffffff
Belkin WeMo Light Switch,49.97,3,"Walmart Supercenter, 950 Edelweiss Parkway, Gaylord, MI 49735 - Walmart.com",https://i5.walmartimages.com/asr/f442eedb-868c-44d7-934a-fe1ed19b3d5f_1.e43a08e2f981201a04aa88b27fe9a303.jpeg?odnHeight=180&odnWidth=180&odnBg=ffffff
Belkin WeMo Light Switch,49.97,2,"Walmart Supercenter, 15885 Sw 88Th St, Kendall, FL 33196 - Walmart.com",https://i5.walmartimages.com/asr/f442eedb-868c-44d7-934a-fe1ed19b3d5f_1.e43a08e2f981201a04aa88b27fe9a303.jpeg?odnHeight=180&odnWidth=180&odnBg=ffffff
Belkin WeMo Light Switch,49.97,6,"Walmart Supercenter, 7700 N Alger Rd, Alma, MI 48801 - Walmart.com",https://i5.walmartimages.com/asr/f442eedb-868c-44d7-934a-fe1ed19b3d5f_1.e43a08e2f981201a04aa88b27fe9a303.jpeg?odnHeight=180&odnWidth=180&odnBg=ffffff
Belkin WeMo Light Switch,49.97,2,"Walmart Supercenter, 1330 Goldfish Farm Rd Se, Albany, OR 97322 - Walmart.com",https://i5.walmartimages.com/asr/f442eedb-868c-44d7-934a-fe1ed19b3d5f_1.e43a08e2f981201a04aa88b27fe9a303.jpeg?odnHeight=180&odnWidth=180&odnBg=ffffff
Belkin WeMo Light Switch,12.49,3,"Walmart Supercenter, 5901 U S Highway 49, Hattiesburg, MS 39402 - Walmart.com",https://i5.walmartimages.com/asr/f442eedb-868c-44d7-934a-fe1ed19b3d5f_1.e43a08e2f981201a04aa88b27fe9a303.jpeg?odnHeight=180&odnWidth=180&odnBg=ffffff
Belkin WeMo Light Switch,49.97,10,"Walmart Supercenter, 501 Signal Mountain Rd, Chattanooga, TN 37405 - Walmart.com",https://i5.walmartimages.com/asr/f442eedb-868c-44d7-934a-fe1ed19b3d5f_1.e43a08e2f981201a04aa88b27fe9a303.jpeg?odnHeight=180&odnWidth=180&odnBg=ffffff
Belkin WeMo Light Switch,49.97,2,"Walmart Supercenter, 4600 7Th St, Bay City, TX 77414 - Walmart.com",https://i5.walmartimages.com/asr/f442eedb-868c-44d7-934a-fe1ed19b3d5f_1.e43a08e2f981201a04aa88b27fe9a303.jpeg?odnHeight=180&odnWidth=180&odnBg=ffffff
Belkin WeMo Light Switch,49.97,2,"Walmart Supercenter, 17585 Airline Hwy, Prairieville, LA 70769 - Walmart.com",https://i5.walmartimages.com/asr/f442eedb-868c-44d7-934a-fe1ed19b3d5f_1.e43a08e2f981201a04aa88b27fe9a303.jpeg?odnHeight=180&odnWidth=180&odnBg=ffffff
Belkin WeMo Light Switch,49.97,5,"Walmart Supercenter, 8288 Cincinnati Dayton Rd, West Chester, OH 45069 - Walmart.com",https://i5.walmartimages.com/asr/f442eedb-868c-44d7-934a-fe1ed19b3d5f_1.e43a08e2f981201a04aa88b27fe9a303.jpeg?odnHeight=180&odnWidth=180&odnBg=ffffff
Belkin WeMo Light Switch,49.97,3,"Walmart Supercenter, 3755 E Andrew Johnson Hwy, Greeneville, TN 37745 - Walmart.com",https://i5.walmartimages.com/asr/f442eedb-868c-44d7-934a-fe1ed19b3d5f_1.e43a08e2f981201a04aa88b27fe9a303.jpeg?odnHeight=180&odnWidth=180&odnBg=ffffff
Belkin WeMo Light Switch,49.97,2,"Walmart Supercenter, 3501 Route 42, Turnersville, NJ 08012 - Walmart.com",https://i5.walmartimages.com/asr/f442eedb-868c-44d7-934a-fe1ed19b3d5f_1.e43a08e2f981201a04aa88b27fe9a303.jpeg?odnHeight=180&odnWidth=180&odnBg=ffffff
Belkin WeMo Light Switch,49.97,6,"Walmart Supercenter, 508 Nw Bypass 72, Greenwood, SC 29649 - Walmart.com",https://i5.walmartimages.com/asr/f442eedb-868c-44d7-934a-fe1ed19b3d5f_1.e43a08e2f981201a04aa88b27fe9a303.jpeg?odnHeight=180&odnWidth=180&odnBg=ffffff
Belkin WeMo Light Switch,49.97,4,"Walmart Supercenter, 10270 Front Beach Rd, Panama City Beach, FL 32407 - Walmart.com",https://i5.walmartimages.com/asr/f442eedb-868c-44d7-934a-fe1ed19b3d5f_1.e43a08e2f981201a04aa88b27fe9a303.jpeg?odnHeight=180&odnWidth=180&odnBg=ffffff
Belkin WeMo Light Switch,49.97,-1,"Walmart Supercenter, 1911 Marsha Sharp Fwy, Lubbock, TX 79415 - Walmart.com",https://i5.walmartimages.com/asr/f442eedb-868c-44d7-934a-fe1ed19b3d5f_1.e43a08e2f981201a04aa88b27fe9a303.jpeg?odnHeight=180&odnWidth=180&odnBg=ffffff
Belkin WeMo Light Switch,49.97,4,"Walmart Supercenter, 4004 Tuscarawas St W, Canton, OH 44708 - Walmart.com",https://i5.walmartimages.com/asr/f442eedb-868c-44d7-934a-fe1ed19b3d5f_1.e43a08e2f981201a04aa88b27fe9a303.jpeg?odnHeight=180&odnWidth=180&odnBg=ffffff
Belkin WeMo Light Switch,49.97,3,"Walmart Supercenter, 5825 Brockway Rd, Saginaw, MI 48638 - Walmart.com",https://i5.walmartimages.com/asr/f442eedb-868c-44d7-934a-fe1ed19b3d5f_1.e43a08e2f981201a04aa88b27fe9a303.jpeg?odnHeight=180&odnWidth=180&odnBg=ffffff
Belkin WeMo Light Switch,49.97,2,"Walmart Supercenter, 1101 E Spruce St, Mitchell, SD 57301 - Walmart.com",https://i5.walmartimages.com/asr/f442eedb-868c-44d7-934a-fe1ed19b3d5f_1.e43a08e2f981201a04aa88b27fe9a303.jpeg?odnHeight=180&odnWidth=180&odnBg=ffffff
Belkin WeMo Light Switch,49.97,6,"Walmart Supercenter, 8500 Jones Maltsberger Rd, San Antonio, TX 78216 - Walmart.com",https://i5.walmartimages.com/asr/f442eedb-868c-44d7-934a-fe1ed19b3d5f_1.e43a08e2f981201a04aa88b27fe9a303.jpeg?odnHeight=180&odnWidth=180&odnBg=ffffff
Belkin WeMo Light Switch,49.97,2,"Walmart Supercenter, 4730 Encore Blvd, Mount Pleasant, MI 48858 - Walmart.com",https://i5.walmartimages.com/asr/f442eedb-868c-44d7-934a-fe1ed19b3d5f_1.e43a08e2f981201a04aa88b27fe9a303.jpeg?odnHeight=180&odnWidth=180&odnBg=ffffff
Belkin WeMo Light Switch,57.97,4,"Walmart Supercenter, Carr #2 Km 26.6, Barceloneta, PR 00617 - Walmart.com",https://i5.walmartimages.com/asr/f442eedb-868c-44d7-934a-fe1ed19b3d5f_1.e43a08e2f981201a04aa88b27fe9a303.jpeg?odnHeight=180&odnWidth=180&odnBg=ffffff
Belkin WeMo Light Switch,49.97,8,"Walmart Supercenter, 4109 S Staples St, Corpus Christi, TX 78411 - Walmart.com",https://i5.walmartimages.com/asr/f442eedb-868c-44d7-934a-fe1ed19b3d5f_1.e43a08e2f981201a04aa88b27fe9a303.jpeg?odnHeight=180&odnWidth=180&odnBg=ffffff
Belkin WeMo Light Switch,49.97,2,"Walmart Supercenter, 10772 W Carson City Rd, Greenville, MI 48838 - Walmart.com",https://i5.walmartimages.com/asr/f442eedb-868c-44d7-934a-fe1ed19b3d5f_1.e43a08e2f981201a04aa88b27fe9a303.jpeg?odnHeight=180&odnWidth=180&odnBg=ffffff
Belkin WeMo Light Switch,49.97,3,"Walmart Supercenter, 1840 E Us Highway 36, Urbana, OH 43078 - Walmart.com",https://i5.walmartimages.com/asr/f442eedb-868c-44d7-934a-fe1ed19b3d5f_1.e43a08e2f981201a04aa88b27fe9a303.jpeg?odnHeight=180&odnWidth=180&odnBg=ffffff
Belkin WeMo Light Switch,49.97,3,"Walmart Supercenter, 4965 Highway 90, Milton, FL 32571 - Walmart.com",https://i5.walmartimages.com/asr/f442eedb-868c-44d7-934a-fe1ed19b3d5f_1.e43a08e2f981201a04aa88b27fe9a303.jpeg?odnHeight=180&odnWidth=180&odnBg=ffffff
Belkin WeMo Light Switch,49.97,3,"Walmart Supercenter, 100 Se 29Th St, Grand Rapids, MN 55744 - Walmart.com",https://i5.walmartimages.com/asr/f442eedb-868c-44d7-934a-fe1ed19b3d5f_1.e43a08e2f981201a04aa88b27fe9a303.jpeg?odnHeight=180&odnWidth=180&odnBg=ffffff
Belkin WeMo Light Switch,49.97,7,"Walmart Supercenter, 2281 Us Highway 68 S, Bellefontaine, OH 43311 - Walmart.com",https://i5.walmartimages.com/asr/f442eedb-868c-44d7-934a-fe1ed19b3d5f_1.e43a08e2f981201a04aa88b27fe9a303.jpeg?odnHeight=180&odnWidth=180&odnBg=ffffff
Belkin WeMo Light Switch,49.97,2,"Walmart Supercenter, 1009 Saint Patricks Dr, Perry, GA 31069 - Walmart.com",https://i5.walmartimages.com/asr/f442eedb-868c-44d7-934a-fe1ed19b3d5f_1.e43a08e2f981201a04aa88b27fe9a303.jpeg?odnHeight=180&odnWidth=180&odnBg=ffffff
Belkin WeMo Light Switch,49.97,2,"Walmart Supercenter, 22605 State Highway 249, Tomball, TX 77375 - Walmart.com",https://i5.walmartimages.com/asr/f442eedb-868c-44d7-934a-fe1ed19b3d5f_1.e43a08e2f981201a04aa88b27fe9a303.jpeg?odnHeight=180&odnWidth=180&odnBg=ffffff
Belkin WeMo Light Switch,12.49,3,"Walmart Supercenter, 1015 Lewis St, Oxford, NC 27565 - Walmart.com",https://i5.walmartimages.com/asr/f442eedb-868c-44d7-934a-fe1ed19b3d5f_1.e43a08e2f981201a04aa88b27fe9a303.jpeg?odnHeight=180&odnWidth=180&odnBg=ffffff
Belkin WeMo Light Switch,49.97,3,"Walmart Supercenter, 2136 Campbellsville Rd, Lebanon, KY 40033 - Walmart.com",https://i5.walmartimages.com/asr/f442eedb-868c-44d7-934a-fe1ed19b3d5f_1.e43a08e2f981201a04aa88b27fe9a303.jpeg?odnHeight=180&odnWidth=180&odnBg=ffffff
Belkin WeMo Light Switch,49.97,10,"Walmart Supercenter, 2900 Kirk Rd, Aurora, IL 60502 - Walmart.com",https://i5.walmartimages.com/asr/f442eedb-868c-44d7-934a-fe1ed19b3d5f_1.e43a08e2f981201a04aa88b27fe9a303.jpeg?odnHeight=180&odnWidth=180&odnBg=ffffff
Belkin WeMo Light Switch,49.97,2,"Walmart Supercenter, 780 Commonwealth Dr, Norton, VA 24273 - Walmart.com",https://i5.walmartimages.com/asr/f442eedb-868c-44d7-934a-fe1ed19b3d5f_1.e43a08e2f981201a04aa88b27fe9a303.jpeg?odnHeight=180&odnWidth=180&odnBg=ffffff
Belkin WeMo Light Switch,49.97,7,"Walmart Supercenter, 1480 Us Highway 17 N, Wauchula, FL 33873 - Walmart.com",https://i5.walmartimages.com/asr/f442eedb-868c-44d7-934a-fe1ed19b3d5f_1.e43a08e2f981201a04aa88b27fe9a303.jpeg?odnHeight=180&odnWidth=180&odnBg=ffffff
Belkin WeMo Light Switch,49.97,2,"Walmart Supercenter, 2428 W Pinhook Rd, Lafayette, LA 70508 - Walmart.com",https://i5.walmartimages.com/asr/f442eedb-868c-44d7-934a-fe1ed19b3d5f_1.e43a08e2f981201a04aa88b27fe9a303.jpeg?odnHeight=180&odnWidth=180&odnBg=ffffff
Belkin WeMo Light Switch,49.97,4,"Walmart Supercenter, 910 Unity Rd, Crossett, AR 71635 - Walmart.com",https://i5.walmartimages.com/asr/f442eedb-868c-44d7-934a-fe1ed19b3d5f_1.e43a08e2f981201a04aa88b27fe9a303.jpeg?odnHeight=180&odnWidth=180&odnBg=ffffff
Belkin WeMo Light Switch,49.97,2,"Walmart Supercenter, 929 E State St, Athens, OH 45701 - Walmart.com",https://i5.walmartimages.com/asr/f442eedb-868c-44d7-934a-fe1ed19b3d5f_1.e43a08e2f981201a04aa88b27fe9a303.jpeg?odnHeight=180&odnWidth=180&odnBg=ffffff
Belkin WeMo Light Switch,49.97,1,"Walmart Supercenter, 3801 W State Highway 31, Corsicana, TX 75110 - Walmart.com",https://i5.walmartimages.com/asr/f442eedb-868c-44d7-934a-fe1ed19b3d5f_1.e43a08e2f981201a04aa88b27fe9a303.jpeg?odnHeight=180&odnWidth=180&odnBg=ffffff
Belkin WeMo Light Switch,49.97,2,"Walmart Supercenter, 5001 Taylor Rd, Punta Gorda, FL 33950 - Walmart.com",https://i5.walmartimages.com/asr/f442eedb-868c-44d7-934a-fe1ed19b3d5f_1.e43a08e2f981201a04aa88b27fe9a303.jpeg?odnHeight=180&odnWidth=180&odnBg=ffffff
Belkin WeMo Light Switch,49.97,4,"Walmart Supercenter, 300 Nc Highway 24, Morehead City, NC 28557 - Walmart.com",https://i5.walmartimages.com/asr/f442eedb-868c-44d7-934a-fe1ed19b3d5f_1.e43a08e2f981201a04aa88b27fe9a303.jpeg?odnHeight=180&odnWidth=180&odnBg=ffffff
Belkin WeMo Light Switch,49.97,5,"Walmart Supercenter, 1538 Highway 190, Eunice, LA 70535 - Walmart.com",https://i5.walmartimages.com/asr/f442eedb-868c-44d7-934a-fe1ed19b3d5f_1.e43a08e2f981201a04aa88b27fe9a303.jpeg?odnHeight=180&odnWidth=180&odnBg=ffffff
Belkin WeMo Light Switch,49.97,2,"Walmart Supercenter, 112 Osbourne Way, Georgetown, KY 40324 - Walmart.com",https://i5.walmartimages.com/asr/f442eedb-868c-44d7-934a-fe1ed19b3d5f_1.e43a08e2f981201a04aa88b27fe9a303.jpeg?odnHeight=180&odnWidth=180&odnBg=ffffff
Belkin WeMo Light Switch,49.97,6,"Walmart Supercenter, 2545 Rimrock Ave, Grand Junction, CO 81505 - Walmart.com",https://i5.walmartimages.com/asr/f442eedb-868c-44d7-934a-fe1ed19b3d5f_1.e43a08e2f981201a04aa88b27fe9a303.jpeg?odnHeight=180&odnWidth=180&odnBg=ffffff
Belkin WeMo Light Switch,49.97,4,"Walmart Supercenter, 5900 Britton Pkwy, Dublin, OH 43016 - Walmart.com",https://i5.walmartimages.com/asr/f442eedb-868c-44d7-934a-fe1ed19b3d5f_1.e43a08e2f981201a04aa88b27fe9a303.jpeg?odnHeight=180&odnWidth=180&odnBg=ffffff
Belkin WeMo Light Switch,49.97,2,"Walmart Supercenter, 650 Centre Of New England Blvd, Coventry, RI 02816 - Walmart.com",https://i5.walmartimages.com/asr/f442eedb-868c-44d7-934a-fe1ed19b3d5f_1.e43a08e2f981201a04aa88b27fe9a303.jpeg?odnHeight=180&odnWidth=180&odnBg=ffffff
Belkin WeMo Light Switch,49.97,-1,"Walmart Supercenter, 4000 New Boston Rd, Texarkana, TX 75501 - Walmart.com",https://i5.walmartimages.com/asr/f442eedb-868c-44d7-934a-fe1ed19b3d5f_1.e43a08e2f981201a04aa88b27fe9a303.jpeg?odnHeight=180&odnWidth=180&odnBg=ffffff
Belkin WeMo Light Switch,49.97,11,"Walmart Supercenter, 300 W Esplanade Ave, Kenner, LA 70065 - Walmart.com",https://i5.walmartimages.com/asr/f442eedb-868c-44d7-934a-fe1ed19b3d5f_1.e43a08e2f981201a04aa88b27fe9a303.jpeg?odnHeight=180&odnWidth=180&odnBg=ffffff
Belkin WeMo Light Switch,49.97,2,"Walmart Supercenter, 4215 S Loop 289, Lubbock, TX 79423 - Walmart.com",https://i5.walmartimages.com/asr/f442eedb-868c-44d7-934a-fe1ed19b3d5f_1.e43a08e2f981201a04aa88b27fe9a303.jpeg?odnHeight=180&odnWidth=180&odnBg=ffffff
Belkin WeMo Light Switch,49.97,9,"Walmart Supercenter, 300 N Beeline Hwy, Payson, AZ 85541 - Walmart.com",https://i5.walmartimages.com/asr/f442eedb-868c-44d7-934a-fe1ed19b3d5f_1.e43a08e2f981201a04aa88b27fe9a303.jpeg?odnHeight=180&odnWidth=180&odnBg=ffffff
Belkin WeMo Light Switch,49.97,5,"Walmart Supercenter, 1585 Liberty Dr Ste 1, Thomasville, NC 27360 - Walmart.com",https://i5.walmartimages.com/asr/f442eedb-868c-44d7-934a-fe1ed19b3d5f_1.e43a08e2f981201a04aa88b27fe9a303.jpeg?odnHeight=180&odnWidth=180&odnBg=ffffff
Belkin WeMo Light Switch,49.97,2,"Walmart Supercenter, 7530 Tidewater Dr, Norfolk, VA 23505 - Walmart.com",https://i5.walmartimages.com/asr/f442eedb-868c-44d7-934a-fe1ed19b3d5f_1.e43a08e2f981201a04aa88b27fe9a303.jpeg?odnHeight=180&odnWidth=180&odnBg=ffffff
Belkin WeMo Light Switch,49.97,2,"Walmart Supercenter, 6101 S Aurora Pkwy, Aurora, CO 80016 - Walmart.com",https://i5.walmartimages.com/asr/f442eedb-868c-44d7-934a-fe1ed19b3d5f_1.e43a08e2f981201a04aa88b27fe9a303.jpeg?odnHeight=180&odnWidth=180&odnBg=ffffff
Belkin WeMo Light Switch,49.97,3,"Walmart Supercenter, 5825 Thunder Rd, Concord, NC 28027 - Walmart.com",https://i5.walmartimages.com/asr/f442eedb-868c-44d7-934a-fe1ed19b3d5f_1.e43a08e2f981201a04aa88b27fe9a303.jpeg?odnHeight=180&odnWidth=180&odnBg=ffffff
Belkin WeMo Light Switch,49.97,7,"Walmart Supercenter, 2600 Mcingvale Rd, Hernando, MS 38632 - Walmart.com",https://i5.walmartimages.com/asr/f442eedb-868c-44d7-934a-fe1ed19b3d5f_1.e43a08e2f981201a04aa88b27fe9a303.jpeg?odnHeight=180&odnWidth=180&odnBg=ffffff
Belkin WeMo Light Switch,49.97,6,"Walmart Supercenter, 3200 Ft Henry Drive, Kingsport, TN 37664 - Walmart.com",https://i5.walmartimages.com/asr/f442eedb-868c-44d7-934a-fe1ed19b3d5f_1.e43a08e2f981201a04aa88b27fe9a303.jpeg?odnHeight=180&odnWidth=180&odnBg=ffffff
Belkin WeMo Light Switch,49.97,1,"Walmart Supercenter, 4255 Cy Ave, Casper, WY 82604 - Walmart.com",https://i5.walmartimages.com/asr/f442eedb-868c-44d7-934a-fe1ed19b3d5f_1.e43a08e2f981201a04aa88b27fe9a303.jpeg?odnHeight=180&odnWidth=180&odnBg=ffffff
Belkin WeMo Light Switch,49.97,2,"Walmart Supercenter, 215 E Mile 3 Rd, Palmhurst, TX 78573 - Walmart.com",https://i5.walmartimages.com/asr/f442eedb-868c-44d7-934a-fe1ed19b3d5f_1.e43a08e2f981201a04aa88b27fe9a303.jpeg?odnHeight=180&odnWidth=180&odnBg=ffffff
Belkin WeMo Light Switch,49.97,2,"Walmart Supercenter, 7050 Highway 85, Riverdale, GA 30274 - Walmart.com",https://i5.walmartimages.com/asr/f442eedb-868c-44d7-934a-fe1ed19b3d5f_1.e43a08e2f981201a04aa88b27fe9a303.jpeg?odnHeight=180&odnWidth=180&odnBg=ffffff
Belkin WeMo Light Switch,49.97,2,"Walmart Supercenter, 2936 E 79Th Ave, Merrillville, IN 46410 - Walmart.com",https://i5.walmartimages.com/asr/f442eedb-868c-44d7-934a-fe1ed19b3d5f_1.e43a08e2f981201a04aa88b27fe9a303.jpeg?odnHeight=180&odnWidth=180&odnBg=ffffff
Belkin WeMo Light Switch,49.97,2,"Walmart Supercenter, 7555 Telegraph Rd, Taylor, MI 48180 - Walmart.com",https://i5.walmartimages.com/asr/f442eedb-868c-44d7-934a-fe1ed19b3d5f_1.e43a08e2f981201a04aa88b27fe9a303.jpeg?odnHeight=180&odnWidth=180&odnBg=ffffff
Belkin WeMo Light Switch,39.0,4,"Walmart Supercenter, 306 N Generals Blvd, Lincolnton, NC 28092 - Walmart.com",https://i5.walmartimages.com/asr/f442eedb-868c-44d7-934a-fe1ed19b3d5f_1.e43a08e2f981201a04aa88b27fe9a303.jpeg?odnHeight=180&odnWidth=180&odnBg=ffffff
Belkin WeMo Light Switch,49.97,3,"Walmart Supercenter, 39500 Ford Rd, Canton, MI 48187 - Walmart.com",https://i5.walmartimages.com/asr/f442eedb-868c-44d7-934a-fe1ed19b3d5f_1.e43a08e2f981201a04aa88b27fe9a303.jpeg?odnHeight=180&odnWidth=180&odnBg=ffffff
Belkin WeMo Light Switch,12.49,1,"Walmart Supercenter, 5010 N 95Th Ave, Glendale, AZ 85305 - Walmart.com",https://i5.walmartimages.com/asr/f442eedb-868c-44d7-934a-fe1ed19b3d5f_1.e43a08e2f981201a04aa88b27fe9a303.jpeg?odnHeight=180&odnWidth=180&odnBg=ffffff
Belkin WeMo Light Switch,49.97,1,"Walmart Supercenter, 8912 Veterans Memorial Blvd, Metairie, LA 70003 - Walmart.com",https://i5.walmartimages.com/asr/f442eedb-868c-44d7-934a-fe1ed19b3d5f_1.e43a08e2f981201a04aa88b27fe9a303.jpeg?odnHeight=180&odnWidth=180&odnBg=ffffff
Belkin WeMo Light Switch,49.97,4,"Walmart Supercenter, 3875 Mundy Mill Rd, Oakwood, GA 30566 - Walmart.com",https://i5.walmartimages.com/asr/f442eedb-868c-44d7-934a-fe1ed19b3d5f_1.e43a08e2f981201a04aa88b27fe9a303.jpeg?odnHeight=180&odnWidth=180&odnBg=ffffff
Belkin WeMo Light Switch,55.97,8,"Walmart Supercenter, 8900 Old Seward Hwy, Anchorage, AK 99515 - Walmart.com",https://i5.walmartimages.com/asr/f442eedb-868c-44d7-934a-fe1ed19b3d5f_1.e43a08e2f981201a04aa88b27fe9a303.jpeg?odnHeight=180&odnWidth=180&odnBg=ffffff
Belkin WeMo Light Switch,49.97,3,"Walmart Supercenter, 301 E Cooper St, Warrensburg, MO 64093 - Walmart.com",https://i5.walmartimages.com/asr/f442eedb-868c-44d7-934a-fe1ed19b3d5f_1.e43a08e2f981201a04aa88b27fe9a303.jpeg?odnHeight=180&odnWidth=180&odnBg=ffffff
Belkin WeMo Light Switch,49.97,1,"Walmart Supercenter, 6 Conley Rd, La Junta, CO 81050 - Walmart.com",https://i5.walmartimages.com/asr/f442eedb-868c-44d7-934a-fe1ed19b3d5f_1.e43a08e2f981201a04aa88b27fe9a303.jpeg?odnHeight=180&odnWidth=180&odnBg=ffffff
Belkin WeMo Light Switch,49.97,3,"Walmart Supercenter, 2840 Highway 95, Bullhead City, AZ 86442 - Walmart.com",https://i5.walmartimages.com/asr/f442eedb-868c-44d7-934a-fe1ed19b3d5f_1.e43a08e2f981201a04aa88b27fe9a303.jpeg?odnHeight=180&odnWidth=180&odnBg=ffffff
Belkin WeMo Light Switch,49.97,3,"Walmart Supercenter, 505 Touring Dr, Auburn, IN 46706 - Walmart.com",https://i5.walmartimages.com/asr/f442eedb-868c-44d7-934a-fe1ed19b3d5f_1.e43a08e2f981201a04aa88b27fe9a303.jpeg?odnHeight=180&odnWidth=180&odnBg=ffffff
Belkin WeMo Light Switch,49.97,3,"Walmart Supercenter, 3601 Washington Blvd, Arbutus, MD 21227 - Walmart.com",https://i5.walmartimages.com/asr/f442eedb-868c-44d7-934a-fe1ed19b3d5f_1.e43a08e2f981201a04aa88b27fe9a303.jpeg?odnHeight=180&odnWidth=180&odnBg=ffffff
Belkin WeMo Light Switch,49.97,3,"Walmart Supercenter, 425 State Route 31, Macedon, NY 14502 - Walmart.com",https://i5.walmartimages.com/asr/f442eedb-868c-44d7-934a-fe1ed19b3d5f_1.e43a08e2f981201a04aa88b27fe9a303.jpeg?odnHeight=180&odnWidth=180&odnBg=ffffff
Belkin WeMo Light Switch,12.49,4,"Walmart Supercenter, 9350 Cortana Pl, Baton Rouge, LA 70815 - Walmart.com",https://i5.walmartimages.com/asr/f442eedb-868c-44d7-934a-fe1ed19b3d5f_1.e43a08e2f981201a04aa88b27fe9a303.jpeg?odnHeight=180&odnWidth=180&odnBg=ffffff
Belkin WeMo Light Switch,49.97,6,"Walmart Supercenter, 4051 E Fairview Ave, Meridian, ID 83642 - Walmart.com",https://i5.walmartimages.com/asr/f442eedb-868c-44d7-934a-fe1ed19b3d5f_1.e43a08e2f981201a04aa88b27fe9a303.jpeg?odnHeight=180&odnWidth=180&odnBg=ffffff
